INFORMACIÓN,,,,,,,,,,,,,,,,,,,,,,,,,,,,,,,,,,,,,,,,,,,,,,,,,,,,,,,
EDIFICIO 3,,,,,,,,,,,,,,,,,,,,,,,,,,,,,,,,,,,,,,,,,,,,,,,,,,,,,,,
NUMERO 12,,,,,,,,,,,,,,,,,,,,,,,,,,,,,,,,,,,,,,,,,,,,,,,,,,,,,,,
SISTEMA 20.2,,,,,,,,,,,,,,,,,,,,,,,,,,,,,,,,,,,,,,,,,,,,,,,,,,,,,,,
DESCRIPCION:3232OAS,,,,,,,,,,,,,,,,,,,,,,,,,,,,,,,,,,,,,,,,,,,,,,,,,,,,,,,
ESTADO: ON,,,,,,,,,,,,,,,,,,,,,,,,,,,,,,,,,,,,,,,,,,,,,,,,,,,,,,,
,,,,,,,,,,,,,,,,,,,,,,,,,,,,,,,,,,,,,,,,,,,,,,,,,,,,,,,
Time,TEMPERATURAUNO {GRADOS. C},TEMREGION_UNO {GRADOS. C},TEMREGION_DOS {GRADOS. C},TEMPREGION_SIS_1_DR_01 {Deg. C},TEMPREGION_SIS_1_DR_02 {Deg. C},TEMPREGION_SIS_1_DR_03 {Deg. C},TEMPREGION_SIS_1_DR_03 {Deg. C},COLUMNA {Deg. C},COLUMNA {Deg. C},COLUMNA {Deg. C},COLUMNA {Deg. C},COLUMNA {Deg. C},COLUMNA {Deg. C},COLUMNA {Deg. C},COLUMNA {Deg. C},COLUMNA {Deg. C},COLUMNA {Deg. C},COLUMNA {Deg. C},LUZ,LUZ,LUZ,LUZ,LUZ,LUZ,LUZ,COLUMNA {Deg. C},COLUMNA {Deg. C},LUCES AFUERA,LUCES AFUERA,LUCES AFUERA,LUCES AFUERA,LUCES AFUERA,LUCES AFUERA,LUCES AFUERA,LUCES AFUERA,LUCES AFUERA,LUCES AFUERA,LUCES AFUERA,LUCES AFUERA,LUCES AFUERA,LUCES AFUERA,LUCES AFUERA,LUCES AFUERA,LUCES AFUERA,LUCES AFUERA,LUCES AFUERA,LUCES AFUERA,LUCES AFUERA,LUCES AFUERA,LUCES AFUERA,LUCES AFUERA,LUCES AFUERA,LUCES AFUERA,LUCES AFUERA,LUCES AFUERA
24/02/2021 12:05,39.7,21.9,22.3,21.5,22.8,21.9,23.7,22,19.8,20.5,17.7,11.4,18.5,18.2,22.8,23.7,22.3,22.4,Off,Off,On,On,Off,Off,Off,100,100,Off,On,Off,Off,On,On,Off,Off,On,Off,Off,On,Off,On,Off,On,On,On,On,On,On,On,On,On,On,On,On,On
24/02/2021 12:10,38.4,22,22.4,21.8,22.8,22,23.8,21.9,19.8,20.5,17.7,10,11.8,9.9,22.9,23.9,22.4,22.4,Off,Off,On,On,Off,Off,Off,100,100,Off,On,Off,Off,On,On,Off,Off,On,Off,Off,On,Off,On,Off,On,On,On,On,On,On,On,On,On,On,On,On,On
24/02/2021 12:15,39.1,22,22.4,21.9,22.9,22.2,23.8,21.5,19.6,20.4,17.6,10.6,10.8,9.9,23,24,22.5,22.4,Off,Off,On,On,Off,Off,Off,100,100,Off,On,Off,Off,On,On,Off,Off,On,Off,Off,On,Off,On,Off,On,On,On,On,On,On,On,On,On,On,On,On,On
24/02/2021 12:20,38.7,22.1,22.4,22,22.9,22.3,23.8,21.1,21.9,20.4,17.8,11.6,10.8,10.3,23.1,24.1,22.6,22.5,Off,Off,Off,On,Off,Off,Off,100,100,Off,On,Off,Off,On,On,Off,Off,On,Off,Off,On,Off,Off,Off,Off,On,On,On,On,On,On,On,On,On,On,On,On
24/02/2021 12:25,40.8,22.2,22.4,22.1,22.9,22.5,23.9,20.8,23,20.8,18.1,13.4,10.9,10.6,23.2,24.2,22.6,22.5,Off,Off,Off,On,Off,Off,Off,100,100,Off,On,Off,Off,On,On,Off,Off,On,Off,Off,On,Off,Off,Off,Off,On,On,On,On,On,On,On,On,On,On,On,On
24/02/2021 12:30,40.5,22.2,22.5,22.2,23,22.6,24,20.5,21.8,21,18.6,10.3,10,9.4,23.3,24.3,22.7,22.5,Off,Off,On,On,Off,Off,Off,100,100,Off,On,Off,Off,On,On,Off,Off,On,Off,Off,On,Off,On,Off,On,On,On,On,On,On,On,On,On,On,On,On,On
24/02/2021 12:35,39.7,22.3,22.5,22.3,22.9,22.8,24,20.2,20.8,20.8,18.2,10.8,10.3,9.9,23.4,24.3,22.7,22.6,Off,Off,On,On,Off,Off,Off,100,100,Off,On,Off,Off,On,On,Off,Off,On,Off,Off,On,Off,On,Off,On,On,On,On,On,On,On,On,On,On,On,On,On
24/02/2021 12:40,41.3,22.3,22.5,22.5,22.9,22.8,14.9,20,20.3,20.7,18.1,12.3,11.1,11,23.5,24.4,22.7,22.6,Off,Off,On,Off,Off,Off,Off,100,100,Off,On,Off,Off,On,On,Off,On,Off,Off,Off,Off,Off,On,Off,On,On,On,On,On,On,On,On,On,On,On,On,On
24/02/2021 12:45,41.7,22.3,22.2,22.6,22.8,22.9,13.8,20,20.1,20.6,18.2,11.7,12.1,12.3,23.4,24.6,22.8,22.4,Off,Off,On,Off,Off,Off,Off,100,100,Off,On,Off,Off,On,On,Off,On,Off,Off,Off,Off,Off,On,Off,On,On,On,On,On,On,On,On,On,On,On,On,On
24/02/2021 12:50,39.8,22.4,21.9,22.6,22.6,22.9,13.3,20.1,20,20.6,18.1,11.2,13,13.6,23.4,24.6,22.8,22.3,Off,Off,On,Off,Off,Off,Off,100,100,Off,On,Off,Off,On,On,Off,On,Off,Off,Off,Off,Off,On,Off,On,On,On,On,On,On,On,On,On,On,On,On,On
24/02/2021 12:55,38.7,22.4,21.7,22.6,22.4,23.1,13,20.2,19.6,20.5,18,10.9,13.8,14.6,23.4,24.6,22.9,22.2,Off,Off,On,Off,Off,Off,Off,100,100,Off,On,Off,Off,On,On,Off,On,Off,Off,Off,Off,Off,On,Off,On,On,On,On,On,On,On,On,On,On,On,On,On
24/02/2021 13:00,39.5,22.5,21.4,22.7,22.1,23.1,12.7,20.3,20.4,20.4,17.9,10.8,14.5,15.2,23.4,24.6,22.9,22.2,Off,Off,Off,Off,Off,Off,Off,100,100,Off,On,Off,Off,On,On,Off,On,Off,Off,Off,Off,Off,Off,Off,Off,On,On,On,On,On,On,On,On,On,On,On,On
24/02/2021 13:05,39.6,22.5,21.3,22.7,21.9,23.3,12.5,20.4,22.7,20.5,18.3,12.8,15.1,15.9,23.4,24.7,22.9,22.1,Off,Off,Off,Off,Off,Off,Off,100,100,Off,On,Off,Off,On,On,Off,On,Off,Off,Off,Off,Off,Off,Off,Off,On,On,On,On,On,On,On,On,On,On,On,On
24/02/2021 13:10,38.6,22.6,21.1,22.7,21.8,23.2,12.6,20.6,22.6,20.9,19.1,11.9,15.8,16.4,23.4,12.9,22.9,22.1,Off,Off,On,Off,Off,Off,Off,100,100,Off,On,Off,Off,On,On,On,On,Off,Off,Off,Off,Off,On,Off,On,On,On,On,On,On,On,On,On,On,On,On,On
24/02/2021 13:15,39.3,22.5,20.9,22.4,21.6,22.8,13.2,20.7,21,21,18.9,11.5,16.4,16.9,23,13.2,22.5,22,Off,Off,On,Off,Off,Off,Off,100,100,Off,On,Off,Off,On,On,On,On,Off,Off,Off,Off,Off,On,Off,On,On,On,On,On,On,On,On,On,On,On,On,On
24/02/2021 13:20,39.1,22.3,20.8,21.9,21.5,22.5,13.1,20.8,20.3,20.9,18.6,11.4,16.9,17.3,22.6,13,22.4,21.9,Off,Off,On,Off,Off,Off,Off,100,100,Off,On,Off,Off,On,On,On,On,Off,Off,Off,Off,Off,On,Off,On,On,On,On,On,On,On,On,On,On,On,On,On
24/02/2021 13:25,39.2,22.1,20.7,21.7,21.4,22.2,13,20.9,20,20.8,18.4,11.3,17.4,17.7,22.3,12.8,22.3,21.8,Off,Off,On,Off,Off,Off,Off,100,100,Off,On,Off,Off,On,On,On,On,Off,Off,Off,Off,Off,On,Off,On,On,On,On,On,On,On,On,On,On,On,On,On
24/02/2021 13:30,39,22,20.5,21.4,21.1,22,13,21.1,19.9,20.7,18.3,11.3,17.8,18,22.1,12.7,22.2,21.8,Off,Off,On,Off,Off,Off,Off,100,100,Off,On,Off,Off,On,On,On,On,Off,Off,Off,Off,Off,On,Off,On,On,On,On,On,On,On,On,On,On,On,On,On
24/02/2021 13:35,39.1,21.8,20.4,21.2,21.1,21.7,12.9,21.2,19.9,20.7,18.2,11.3,18.1,18.2,21.9,12.6,22.1,21.7,Off,Off,On,Off,Off,Off,Off,100,100,Off,On,Off,Off,On,On,On,On,Off,Off,Off,Off,Off,On,Off,On,On,On,On,On,On,On,On,On,On,On,On,On
24/02/2021 13:40,38.8,21.7,20.3,21.1,20.9,21.4,14.7,21.3,19.8,20.6,18.2,11.2,18.5,18.6,21.7,12.6,22,21.7,Off,Off,On,Off,Off,Off,Off,100,100,Off,On,Off,Off,On,On,On,Off,Off,Off,Off,Off,Off,On,Off,On,On,On,On,On,On,On,On,On,On,On,On,On
24/02/2021 13:45,37.4,21.6,20.4,20.8,21.1,21.3,23,21.5,19.6,20.5,18,9.8,18.8,18.8,21.7,11.6,21.9,21.8,Off,Off,On,Off,Off,Off,Off,100,100,Off,On,Off,Off,On,On,On,Off,Off,Off,Off,Off,Off,On,Off,On,On,On,On,On,On,On,On,On,On,On,On,On
24/02/2021 13:50,35.7,21.5,20.6,20.7,21.3,21.1,23.4,21.6,20.7,20.5,18,10.8,19,19,21.8,21.1,21.9,21.9,Off,Off,Off,Off,Off,Off,Off,100,100,Off,On,Off,Off,On,On,Off,Off,Off,Off,Off,Off,Off,Off,Off,Off,On,On,On,On,On,On,On,On,On,On,On,On
24/02/2021 13:55,35.8,21.5,20.7,20.8,21.4,21.3,23.5,21.7,22.4,20.8,18.5,13.1,19.3,19.2,22,23.6,22.1,22,Off,Off,Off,Off,Off,Off,Off,100,100,Off,On,Off,Off,On,On,Off,Off,Off,Off,Off,Off,Off,Off,Off,Off,On,On,On,On,On,On,On,On,On,On,On,On
24/02/2021 14:00,35,21.6,20.9,21.2,21.6,21.5,23.6,21.8,22.9,21,19,13.9,19.5,19.5,22.2,23.9,22.3,22.1,Off,Off,On,Off,Off,Off,Off,100,100,Off,On,Off,Off,On,On,Off,Off,Off,Off,Off,Off,Off,On,Off,On,On,On,On,On,On,On,On,On,On,On,On,On
24/02/2021 14:05,35.4,21.7,21,21.4,21.8,21.8,23.7,21.9,21.5,21.2,19.3,11.6,19.8,19.7,22.5,24.1,22.5,22.2,Off,Off,On,Off,Off,Off,Off,100,100,Off,On,Off,Off,On,On,Off,Off,Off,Off,Off,Off,Off,On,Off,On,On,On,On,On,On,On,On,On,On,On,On,On
24/02/2021 14:10,36.2,21.8,21.1,21.6,21.9,22.1,23.8,22,20.9,21.1,18.8,10.3,19.9,19.8,22.7,24.3,22.5,22.3,Off,Off,On,On,Off,Off,Off,100,100,Off,On,Off,Off,On,On,Off,Off,On,Off,Off,On,Off,On,Off,On,On,On,On,On,On,On,On,On,On,On,On,On
24/02/2021 14:15,36.1,21.9,21.2,21.9,22,22.3,23.9,21.9,20.5,20.9,18.3,10.9,12.6,10.6,22.9,24.4,22.6,22.3,Off,Off,On,On,Off,Off,Off,100,100,Off,On,Off,Off,On,On,Off,Off,On,Off,Off,On,Off,On,Off,On,On,On,On,On,On,On,On,On,On,On,On,On
24/02/2021 14:20,35.2,22,21.4,22,22.2,22.4,23.9,21.6,20.3,20.8,18.3,11.4,11.8,10.7,22.9,24.4,22.7,22.3,Off,Off,On,On,Off,Off,Off,100,100,Off,On,Off,Off,On,On,Off,Off,On,Off,Off,On,Off,On,Off,On,On,On,On,On,On,On,On,On,On,On,On,On
24/02/2021 14:25,32.1,22.1,21.5,22.1,22.3,22.6,24,21.3,20.2,20.7,18.3,10.7,10.9,10.1,23.1,24.5,22.7,22.4,Off,Off,On,On,Off,Off,Off,100,100,Off,On,Off,Off,On,On,Off,Off,On,Off,Off,On,Off,On,Off,On,On,On,On,On,On,On,On,On,On,On,On,On
24/02/2021 14:30,30.2,22.2,21.6,22.2,22.3,22.8,24,20.9,19.9,20.6,18.1,10.8,10.6,9.9,23.3,24.5,22.8,22.5,Off,Off,On,On,Off,Off,Off,100,100,Off,On,Off,Off,On,On,Off,Off,On,Off,Off,On,Off,On,Off,On,On,On,On,On,On,On,On,On,On,On,On,On
24/02/2021 14:35,29.7,22.2,21.7,22.4,22.4,22.8,24.1,20.7,19.8,20.6,18,11.4,10.9,10.5,23.4,24.7,22.8,22.5,Off,Off,On,On,Off,Off,Off,100,100,Off,On,Off,Off,On,On,Off,Off,On,Off,Off,On,Off,On,Off,On,On,On,On,On,On,On,On,On,On,On,On,On
24/02/2021 14:40,29.3,22.3,21.8,22.4,22.6,23,24.1,20.5,19.7,20.5,18,10.6,10.5,9.8,23.5,24.7,22.9,22.5,Off,Off,On,On,Off,Off,Off,100,100,Off,On,Off,Off,On,On,Off,Off,On,Off,Off,On,Off,On,Off,On,On,On,On,On,On,On,On,On,On,On,On,On
24/02/2021 14:45,29.1,22.3,21.8,22.5,22.6,23.1,24.2,20.2,19.6,20.5,17.8,10.7,10.3,9.8,23.5,24.8,22.9,22.6,Off,Off,On,On,Off,Off,Off,100,100,Off,On,Off,Off,On,On,Off,Off,On,Off,Off,On,Off,On,Off,On,On,On,On,On,On,On,On,On,On,On,On,On
24/02/2021 14:50,28.8,22.4,21.9,22.6,22.7,23.1,24.2,20,22.4,20.4,18.2,12.1,10.7,10.3,23.6,24.8,23,22.6,Off,Off,Off,On,Off,Off,Off,100,100,Off,On,Off,Off,On,On,Off,Off,On,Off,Off,On,Off,Off,Off,Off,On,On,On,On,On,On,On,On,On,On,On,On
24/02/2021 14:55,28.9,22.5,22,22.7,22.6,23.3,24.2,20,23.1,20.8,18.7,13.9,11.7,11.1,23.7,24.8,23,22.6,Off,Off,Off,Off,Off,Off,Off,100,100,Off,On,Off,Off,On,On,On,Off,Off,Off,Off,Off,Off,Off,Off,Off,On,On,On,On,On,On,On,On,On,On,On,On
24/02/2021 15:00,29.3,22.5,22.1,22.6,22.8,23.2,24.3,20.1,21.8,21,19.2,10.9,12.8,12.7,23.6,13.2,22.9,22.6,Off,Off,On,Off,Off,Off,Off,100,100,Off,On,Off,Off,On,On,On,Off,Off,Off,Off,Off,Off,On,Off,On,On,On,On,On,On,On,On,On,On,On,On,On
24/02/2021 15:05,29.8,22.4,22.2,22.1,22.9,22.8,24.3,20.2,20.8,20.9,18.5,10.3,13.8,13.9,23.3,12.5,22.6,22.6,Off,Off,On,Off,Off,Off,Off,100,100,Off,On,Off,Off,On,On,On,Off,Off,Off,Off,Off,Off,On,Off,On,On,On,On,On,On,On,On,On,On,On,On,On
24/02/2021 15:10,29.4,22.2,22.2,21.8,22.9,22.3,24.3,20.3,20.4,20.8,18.2,10.9,14.6,14.8,23.1,12.8,22.5,22.6,Off,Off,On,Off,Off,Off,Off,100,100,Off,On,Off,Off,On,On,On,Off,Off,Off,Off,Off,Off,On,Off,On,On,On,On,On,On,On,On,On,On,On,On,On
24/02/2021 15:15,29.6,22,22.3,21.5,22.9,22,24.3,20.5,20.1,20.7,18.1,11.3,15.3,15.4,23,13.1,22.3,22.6,Off,Off,On,Off,Off,Off,Off,100,100,Off,On,Off,Off,On,On,On,Off,Off,Off,Off,Off,Off,On,Off,On,On,On,On,On,On,On,On,On,On,On,On,On
24/02/2021 15:20,29.5,21.9,22.3,21.2,23,21.8,24.2,20.7,19.9,20.6,18.2,11.5,16,16,22.9,13.2,22.3,22.6,Off,Off,On,Off,Off,Off,Off,100,100,Off,On,Off,Off,On,On,On,Off,Off,Off,Off,Off,Off,On,Off,On,On,On,On,On,On,On,On,On,On,On,On,On
24/02/2021 15:25,29.6,21.7,22.3,21.2,22.9,21.6,24.2,20.8,19.9,20.6,18.2,11.5,16.5,16.5,22.7,13.3,22.2,22.5,Off,Off,On,Off,Off,Off,Off,100,100,Off,On,Off,Off,On,On,On,On,Off,Off,Off,Off,Off,On,Off,On,On,On,On,On,On,On,On,On,On,On,On,On
24/02/2021 15:30,30.5,21.6,22.2,20.9,22.9,21.6,13.2,20.9,19.8,20.5,18.1,11.1,17,16.8,22.6,12.5,22.2,22.4,Off,Off,On,Off,Off,Off,Off,100,100,Off,On,Off,Off,On,On,On,On,Off,Off,Off,Off,Off,On,Off,On,On,On,On,On,On,On,On,On,On,On,On,On
24/02/2021 15:35,31.2,21.5,21.9,20.7,22.8,21.3,13.3,21.1,19.7,20.5,18.1,11.3,17.4,17.1,22.2,12.8,22.1,22.2,Off,Off,On,Off,Off,Off,Off,100,100,Off,On,Off,Off,On,On,On,On,Off,Off,Off,Off,Off,On,Off,On,On,On,On,On,On,On,On,On,On,On,On,On
24/02/2021 15:40,31.1,21.4,21.6,20.7,22.5,21.3,13.2,21.2,19.6,20.5,18,10.8,17.7,17.4,22.2,22.4,22,22.1,Off,Off,On,Off,Off,Off,Off,100,100,Off,On,Off,Off,On,On,Off,On,Off,Off,Off,Off,Off,On,Off,On,On,On,On,On,On,On,On,On,On,On,On,On
24/02/2021 15:45,30.5,21.5,21.2,21,22.1,21.4,12.3,21.3,20.6,20.4,18,10.6,17.9,17.7,22.2,24,22.2,22,Off,Off,Off,Off,Off,Off,Off,100,100,Off,On,Off,Off,On,On,Off,On,Off,Off,Off,Off,Off,Off,Off,Off,On,On,On,On,On,On,On,On,On,On,On,On
24/02/2021 15:50,30.1,21.6,21,21.3,22,21.8,12.2,21.5,22.6,20.7,18.4,12.8,18.2,17.9,22.4,24.3,22.4,22,Off,Off,Off,Off,Off,Off,Off,100,100,Off,On,Off,Off,On,On,Off,On,Off,Off,Off,Off,Off,Off,Off,Off,On,On,On,On,On,On,On,On,On,On,On,On
24/02/2021 15:55,29.2,21.7,20.8,21.5,21.9,22,13.8,21.6,22.4,21.1,19.4,12.3,18.5,18.3,22.5,24.4,22.5,22,Off,Off,On,Off,Off,Off,Off,100,100,Off,On,Off,Off,On,On,Off,On,Off,Off,Off,Off,Off,On,Off,On,On,On,On,On,On,On,On,On,On,On,On,On
24/02/2021 16:00,28.2,21.9,20.8,21.8,21.7,22.1,13.4,21.7,21.2,21,19.1,11.7,18.8,18.7,22.6,24.4,22.6,22,Off,Off,On,Off,Off,Off,Off,100,100,Off,On,Off,Off,On,On,Off,On,Off,Off,Off,Off,Off,On,Off,On,On,On,On,On,On,On,On,On,On,On,On,On
24/02/2021 16:05,27.7,22,20.7,21.9,21.7,22.4,13.1,21.8,20.6,20.9,18.7,11.3,19.1,18.9,22.8,24.4,22.7,22,Off,Off,On,Off,Off,Off,Off,100,100,Off,On,Off,Off,On,On,Off,On,Off,Off,Off,Off,Off,On,Off,On,On,On,On,On,On,On,On,On,On,On,On,On
24/02/2021 16:10,27.4,22,20.6,22,21.5,22.6,12.8,21.9,20.2,20.8,18.4,11,19.3,19.2,22.9,24.4,22.7,22,Off,Off,On,Off,Off,Off,Off,100,100,Off,On,Off,Off,On,On,Off,On,Off,Off,Off,Off,Off,On,Off,On,On,On,On,On,On,On,On,On,On,On,On,On
24/02/2021 16:15,27.3,22.1,20.6,22.3,21.3,22.7,12.6,22,19.8,20.7,18.3,10.8,17.7,16.5,23,24.5,22.7,22,Off,Off,On,On,Off,Off,Off,100,100,Off,On,Off,Off,On,On,Off,On,On,Off,Off,On,Off,On,Off,On,On,On,On,On,On,On,On,On,On,On,On,On
24/02/2021 16:20,27.1,22.2,20.5,22.4,21.2,22.9,12.5,21.9,19.7,20.6,18.1,10.7,12.2,10.3,23.1,24.5,22.8,22,Off,Off,On,On,Off,Off,Off,100,100,Off,On,Off,Off,On,On,Off,On,On,Off,Off,On,Off,On,Off,On,On,On,On,On,On,On,On,On,On,On,On,On
24/02/2021 16:25,26.9,22.3,20.5,22.5,21.1,23,12.4,21.5,19.7,20.5,17.9,10.6,11,9.9,23.1,24.5,22.8,22,Off,Off,On,On,Off,Off,Off,100,100,Off,On,Off,Off,On,On,Off,On,On,Off,Off,On,Off,On,Off,On,On,On,On,On,On,On,On,On,On,On,On,On
24/02/2021 16:30,27,22.3,20.4,22.5,21.1,23,12.4,21.1,20.2,20.5,18,10.6,10.5,9.8,23.1,24.5,22.9,21.9,Off,Off,Off,On,Off,Off,Off,100,100,Off,On,Off,Off,On,On,Off,On,On,Off,Off,On,Off,Off,Off,Off,On,On,On,On,On,On,On,On,On,On,On,On
24/02/2021 16:35,27.1,22.4,20.4,22.6,21,23.1,22.3,20.9,21.6,20.7,18.5,12.6,10.1,9.4,23.2,24.5,22.8,22,Off,Off,Off,On,Off,Off,Off,100,100,Off,On,Off,Off,On,On,Off,Off,On,Off,Off,On,Off,Off,Off,Off,On,On,On,On,On,On,On,On,On,On,On,On
24/02/2021 16:40,27.1,22.4,20.6,22.7,21.2,23.1,23.4,20.6,23,20.9,19,14.1,10.2,9.7,23.3,24.6,22.9,22.1,Off,Off,Off,On,Off,Off,Off,100,100,Off,On,Off,Off,On,On,Off,Off,On,Off,Off,On,Off,Off,Off,Off,On,On,On,On,On,On,On,On,On,On,On,On
24/02/2021 16:45,27,22.5,20.8,22.7,21.5,23.2,23.6,20.3,21.7,21.1,19.3,11.2,10.6,10.2,23.4,24.6,23,22.2,Off,Off,On,On,Off,Off,Off,100,100,Off,On,Off,Off,On,On,On,Off,On,Off,Off,On,Off,On,Off,On,On,On,On,On,On,On,On,On,On,On,On,On
24/02/2021 16:50,27,22.5,21,22.7,21.6,23.2,23.7,20.1,20.9,21,18.9,12.2,11.4,11.3,23.4,14.6,22.8,22.3,Off,Off,On,On,Off,Off,Off,100,100,Off,On,Off,Off,On,On,On,Off,On,Off,Off,On,Off,On,Off,On,On,On,On,On,On,On,On,On,On,On,On,On
24/02/2021 16:55,27,22.4,21.1,22.2,21.8,22.9,23.7,20,20.6,20.9,18.8,11.6,11.9,11.6,23.2,13.9,22.6,22.3,Off,Off,On,Off,Off,Off,Off,100,100,Off,On,Off,Off,On,On,On,Off,Off,Off,Off,Off,Off,On,Off,On,On,On,On,On,On,On,On,On,On,On,On,On
24/02/2021 17:00,27,22.3,21.3,21.9,21.9,22.6,23.8,20.1,20.2,20.9,18.3,10,12.9,12.8,23.1,11.6,22.4,22.3,Off,Off,On,Off,Off,Off,Off,100,100,Off,On,Off,Off,On,On,On,Off,Off,Off,Off,Off,Off,On,Off,On,On,On,On,On,On,On,On,On,On,On,On,On
24/02/2021 17:05,27,22.1,21.3,21.6,22.1,22.1,23.7,20.2,20,20.7,18,10.5,13.7,13.8,22.9,12.2,22.3,22.3,Off,Off,On,Off,Off,Off,Off,100,100,Off,On,Off,Off,On,On,On,Off,Off,Off,Off,Off,Off,On,Off,On,On,On,On,On,On,On,On,On,On,On,On,On
24/02/2021 17:10,27.2,21.9,21.4,21.4,22.1,21.8,23.8,20.3,19.9,20.6,17.9,10.9,14.4,14.6,22.7,12.6,22.1,22.3,Off,Off,On,Off,Off,Off,Off,100,100,Off,On,Off,Off,On,On,On,Off,Off,Off,Off,Off,Off,On,Off,On,On,On,On,On,On,On,On,On,On,On,On,On
24/02/2021 17:15,27.9,21.8,21.5,21.2,22.1,21.6,23.8,20.5,19.7,20.6,18,11.3,15.1,15.3,22.7,12.9,22.1,22.3,Off,Off,On,Off,Off,Off,Off,100,100,Off,On,Off,Off,On,On,On,Off,Off,Off,Off,Off,Off,On,Off,On,On,On,On,On,On,On,On,On,On,On,On,On
24/02/2021 17:20,28.2,21.7,21.6,21.1,22.2,21.4,23.9,20.6,19.7,20.5,18.1,11.5,15.8,16,22.6,13,22,22.3,Off,Off,On,Off,Off,Off,Off,100,100,Off,On,Off,Off,On,On,On,Off,Off,Off,Off,Off,Off,On,Off,On,On,On,On,On,On,On,On,On,On,On,On,On
24/02/2021 17:25,28.2,21.6,21.6,20.8,22.3,21.3,23.9,20.8,19.6,20.5,18.2,11.7,16.4,16.5,22.5,13.1,22,22.3,Off,Off,On,Off,Off,Off,Off,100,100,Off,On,Off,Off,On,On,On,Off,Off,Off,Off,Off,Off,On,Off,On,On,On,On,On,On,On,On,On,On,On,On,On
24/02/2021 17:30,28,21.5,21.7,20.8,22.4,21.2,23.9,20.9,21.9,20.5,18.6,12.9,17,17.1,22.3,19,21.9,22.3,Off,Off,Off,Off,Off,Off,Off,100,100,Off,On,Off,Off,On,On,Off,Off,Off,Off,Off,Off,Off,Off,Off,Off,On,On,On,On,On,On,On,On,On,On,On,On
24/02/2021 17:35,27.6,21.5,21.7,20.9,22.5,21.2,23.9,21,23.1,20.8,19.1,13.7,17.5,17.6,22.4,23.6,22.1,22.3,Off,Off,On,Off,Off,Off,Off,100,100,Off,On,Off,Off,On,On,Off,Off,Off,Off,Off,Off,Off,On,Off,On,On,On,On,On,On,On,On,On,On,On,On,On
24/02/2021 17:40,27.2,21.6,21.8,21.3,22.6,21.4,23.9,21.2,21.6,20.9,19,10.8,18,18,22.5,23.9,22.3,22.3,Off,Off,On,Off,Off,Off,Off,100,100,Off,On,Off,Off,On,On,Off,Off,Off,Off,Off,Off,Off,On,Off,On,On,On,On,On,On,On,On,On,On,On,On,On
24/02/2021 17:45,27,21.7,21.8,21.6,22.6,21.7,23.9,21.3,20.9,20.8,18.5,11.2,18.4,18.4,22.7,24,22.4,22.4,Off,Off,On,Off,Off,Off,Off,100,100,Off,On,Off,Off,On,On,Off,Off,Off,Off,Off,Off,Off,On,Off,On,On,On,On,On,On,On,On,On,On,On,On,On
24/02/2021 17:50,26.6,21.8,21.9,21.7,22.7,22,23.9,21.4,20.4,20.7,18.5,11.7,18.7,18.6,22.9,24.1,22.5,22.4,Off,Off,On,Off,Off,Off,Off,100,100,Off,On,Off,Off,On,On,Off,Off,Off,Off,Off,Off,Off,On,Off,On,On,On,On,On,On,On,On,On,On,On,On,On
24/02/2021 17:55,26.1,21.9,21.9,22,22.7,22.3,23.9,21.5,20.1,20.6,18.2,10.5,19,18.8,23.1,24.1,22.5,22.5,Off,Off,On,Off,Off,Off,Off,100,100,Off,On,Off,Off,On,On,Off,Off,Off,Off,Off,Off,Off,On,Off,On,On,On,On,On,On,On,On,On,On,On,On,On
24/02/2021 18:00,25.7,22,22,22.1,22.9,22.5,23.9,21.7,19.9,20.5,18,10.9,19.2,19,23.2,24.2,22.6,22.5,Off,Off,On,Off,Off,Off,Off,100,100,Off,On,Off,Off,On,On,Off,Off,Off,Off,Off,Off,Off,On,Off,On,On,On,On,On,On,On,On,On,On,On,On,On
24/02/2021 18:05,25.4,22.1,22.1,22.2,22.9,22.6,23.9,21.8,19.7,20.5,18,11.4,19.4,19.2,23.2,24.2,22.7,22.5,Off,Off,On,Off,Off,Off,Off,100,100,Off,On,Off,Off,On,On,Off,Off,Off,Off,Off,Off,Off,On,Off,On,On,On,On,On,On,On,On,On,On,On,On,On
24/02/2021 18:10,25.2,22.1,22.1,22.3,22.9,22.8,23.9,21.9,19.7,20.5,18.1,10.8,19.6,19.4,23.3,24.2,22.7,22.5,Off,Off,On,Off,Off,Off,Off,100,100,Off,On,Off,Off,On,On,Off,Off,Off,Off,Off,Off,Off,On,Off,On,On,On,On,On,On,On,On,On,On,On,On,On
24/02/2021 18:15,25.1,22.2,22.2,22.5,23,22.8,23.9,22,19.6,20.4,17.9,10.6,19.8,19.5,23.3,24.2,22.8,22.6,Off,Off,On,Off,Off,Off,Off,100,100,Off,On,Off,Off,On,On,Off,Off,Off,Off,Off,Off,Off,On,Off,On,On,On,On,On,On,On,On,On,On,On,On,On
24/02/2021 18:20,24.8,22.3,22.2,22.5,23,23,14.5,21.9,22.1,20.4,18.4,12.5,13.5,11.8,23.4,24.2,22.8,22.5,Off,Off,Off,On,Off,Off,Off,100,100,Off,On,Off,Off,On,On,Off,On,On,Off,Off,On,Off,Off,Off,Off,On,On,On,On,On,On,On,On,On,On,On,On
24/02/2021 18:25,24.6,22.3,21.9,22.7,22.8,23,13.5,21.6,23.1,20.8,18.9,14.3,12.1,11,23.4,24.2,22.8,22.4,Off,Off,Off,On,Off,Off,Off,100,100,Off,On,Off,Off,On,On,Off,On,On,Off,Off,On,Off,Off,Off,Off,On,On,On,On,On,On,On,On,On,On,On,On
24/02/2021 18:30,24.5,22.4,21.6,22.7,22.6,23,13,21.3,21.9,21.1,19.4,11.2,11.2,10.4,23.4,24.2,22.8,22.3,Off,Off,On,On,Off,Off,Off,100,100,Off,On,Off,Off,On,On,Off,On,On,Off,Off,On,Off,On,Off,On,On,On,On,On,On,On,On,On,On,On,On,On
24/02/2021 18:35,24.4,22.4,21.4,22.7,22.3,23.2,12.7,21,20.9,20.9,18.8,10.8,10.7,10,23.5,24.2,22.9,22.2,Off,Off,On,On,Off,Off,Off,100,100,Off,On,Off,Off,On,On,Off,On,On,Off,Off,On,Off,On,Off,On,On,On,On,On,On,On,On,On,On,On,On,On
24/02/2021 18:40,24.1,22.5,21.2,22.8,22,23.2,12.4,20.7,20.4,20.8,18.4,10.5,10.4,9.8,23.5,24.2,22.9,22.2,Off,Off,On,On,Off,Off,Off,100,100,Off,On,Off,Off,On,On,On,On,On,Off,Off,On,Off,On,Off,On,On,On,On,On,On,On,On,On,On,On,On,On
24/02/2021 18:45,23.9,22.5,21,22.6,21.9,23.2,13.5,20.4,20.2,20.7,18.3,11.5,10.9,10.7,23.4,13.7,22.7,22.1,Off,Off,On,On,Off,Off,Off,100,100,Off,On,Off,Off,On,On,On,On,On,Off,Off,On,Off,On,Off,On,On,On,On,On,On,On,On,On,On,On,On,On
24/02/2021 18:50,23.7,22.4,20.8,22.2,21.9,22.8,13,20.2,20.1,20.6,18.2,11.3,10.9,10.5,23,12.8,22.4,22,Off,Off,On,On,Off,Off,Off,100,100,Off,On,Off,Off,On,On,On,On,On,Off,Off,On,Off,On,Off,On,On,On,On,On,On,On,On,On,On,On,On,On
24/02/2021 18:55,23.6,22.2,20.7,21.9,21.7,22.3,12.7,20,19.9,20.5,18.1,11.1,10.7,10.2,22.5,12.4,22.3,21.9,Off,Off,On,On,Off,Off,Off,100,100,Off,On,Off,Off,On,On,On,On,On,Off,Off,On,Off,On,Off,On,On,On,On,On,On,On,On,On,On,On,On,On
24/02/2021 19:00,23.4,22,20.5,21.6,21.5,22,12.5,20,19.7,20.5,18,10.8,11.7,11.1,22.3,12.2,22.1,21.8,Off,Off,On,Off,Off,Off,Off,100,100,Off,On,Off,Off,On,On,On,On,Off,Off,Off,Off,Off,On,Off,On,On,On,On,On,On,On,On,On,On,On,On,On
24/02/2021 19:05,23.2,21.8,20.4,21.3,21.4,21.7,12.3,20.1,19.6,20.4,17.9,10.7,12.8,12.6,22.1,11.9,22,21.7,Off,Off,On,Off,Off,Off,Off,100,100,Off,On,Off,Off,On,On,On,On,Off,Off,Off,Off,Off,On,Off,On,On,On,On,On,On,On,On,On,On,On,On,On
24/02/2021 19:10,22.9,21.7,20.2,21.1,21.3,21.5,12.1,20.2,21.7,20.5,18.3,12.1,13.7,13.7,21.9,11.7,21.9,21.6,Off,Off,Off,Off,Off,Off,Off,100,100,Off,On,Off,Off,On,On,On,On,Off,Off,Off,Off,Off,Off,Off,Off,On,On,On,On,On,On,On,On,On,On,On,On
24/02/2021 19:15,22.7,21.6,20,20.9,21.1,21.3,11.9,20.4,22.7,20.8,18.8,13.8,14.5,14.7,21.5,11.4,21.8,21.6,Off,Off,Off,Off,Off,Off,Off,100,100,Off,On,Off,Off,On,On,On,On,Off,Off,Off,Off,Off,Off,Off,Off,On,On,On,On,On,On,On,On,On,On,On,On
24/02/2021 19:20,22.4,21.4,19.9,20.8,21,21,18.3,20.5,22.1,21.1,19.4,10.3,15.3,15.4,21.3,19.5,21.7,21.5,Off,Off,On,Off,Off,Off,Off,100,100,Off,On,Off,Off,On,On,Off,Off,Off,Off,Off,Off,Off,On,Off,On,On,On,On,On,On,On,On,On,On,On,On,On
24/02/2021 19:25,22.2,21.5,20.1,21,21,21,22.3,20.7,20.9,21,18.5,10.1,15.9,16,21.6,22.6,21.9,21.6,Off,Off,On,Off,Off,Off,Off,100,100,Off,On,Off,Off,On,On,Off,Off,Off,Off,Off,Off,Off,On,Off,On,On,On,On,On,On,On,On,On,On,On,On,On
24/02/2021 19:30,22.1,21.6,20.3,21.3,21.3,21.3,22.7,20.8,20.4,20.8,18.1,10.5,16.4,16.4,21.9,22.9,22.1,21.8,Off,Off,On,Off,Off,Off,Off,100,100,Off,On,Off,Off,On,On,Off,Off,Off,Off,Off,Off,Off,On,Off,On,On,On,On,On,On,On,On,On,On,On,On,On
24/02/2021 19:35,22,21.7,20.5,21.5,21.3,21.6,22.8,21,20.1,20.6,18,11,16.8,16.8,22.3,23.1,22.2,21.9,Off,Off,On,Off,Off,Off,Off,100,100,Off,On,Off,Off,On,On,Off,Off,Off,Off,Off,Off,Off,On,Off,On,On,On,On,On,On,On,On,On,On,On,On,On
24/02/2021 19:40,22,21.8,20.6,21.7,21.5,21.9,22.9,21.1,19.9,20.5,18.1,11.5,17.1,17.1,22.5,23.2,22.3,22,Off,Off,On,Off,Off,Off,Off,100,100,Off,On,Off,Off,On,On,Off,Off,Off,Off,Off,Off,Off,On,Off,On,On,On,On,On,On,On,On,On,On,On,On,On
24/02/2021 19:45,21.9,21.9,20.8,21.7,21.6,22,23,21.2,19.9,20.5,18,10.2,17.4,17.4,22.6,23.3,22.3,22.1,Off,Off,On,Off,Off,Off,Off,100,100,Off,On,Off,Off,On,On,Off,Off,Off,Off,Off,Off,Off,On,Off,On,On,On,On,On,On,On,On,On,On,On,On,On
24/02/2021 19:50,22.1,21.9,20.9,22,21.7,22.2,23.1,21.4,19.8,20.4,17.8,10.6,17.6,17.6,22.7,23.4,22.4,22.1,Off,Off,On,Off,Off,Off,Off,100,100,Off,On,Off,Off,On,On,Off,Off,Off,Off,Off,Off,Off,On,Off,On,On,On,On,On,On,On,On,On,On,On,On,On
24/02/2021 19:55,22.2,22,21,22.1,22,22.2,23.2,21.5,19.8,20.3,17.8,11,17.9,17.8,22.7,23.5,22.5,22.1,Off,Off,Off,Off,Off,Off,Off,100,100,Off,On,Off,Off,On,On,Off,Off,Off,Off,Off,Off,Off,Off,Off,Off,On,On,On,On,On,On,On,On,On,On,On,On
24/02/2021 20:00,22.3,22,21.1,22.1,22.1,22.4,23.2,21.6,22.4,20.5,18.3,12.9,18.1,18,22.8,23.5,22.5,22.2,On,On,Off,Off,Off,Off,Off,100,100,Off,On,Off,Off,Off,Off,Off,Off,Off,On,Off,Off,Off,Off,On,Off,On,On,On,On,On,On,On,On,On,On,On,On
24/02/2021 20:05,22.1,22.1,21.2,22.1,22.1,22.4,22.6,21.6,22.2,20.8,20.1,18.7,20.5,20.5,22.9,22.6,22.9,23,On,On,Off,Off,Off,Off,Off,100,100,Off,On,Off,Off,Off,Off,Off,Off,Off,On,Off,Off,Off,Off,On,Off,On,On,On,On,On,On,On,On,On,On,On,On
24/02/2021 20:10,22,22.1,21.3,22,22.2,22.5,22.6,21.6,22,21.1,20.5,20.7,21.2,21.2,23,22.5,23,23,On,On,Off,Off,Off,Off,Off,100,100,Off,On,Off,Off,Off,Off,Off,Off,Off,On,Off,Off,Off,Off,On,Off,On,On,On,On,On,On,On,On,On,On,On,On
24/02/2021 20:15,21.8,22.2,21.4,22.1,22.2,22.5,22.6,21.6,22.3,21.3,20.8,21.6,21.5,21.6,23.1,22.5,22.9,22.9,On,On,Off,Off,Off,Off,Off,100,100,Off,On,Off,Off,Off,Off,Off,Off,Off,On,Off,Off,Off,Off,On,Off,On,On,On,On,On,On,On,On,On,On,On,On
24/02/2021 20:20,21.6,22.2,21.5,22.1,22.3,22.5,22.6,21.7,22.3,21.5,21.1,22.2,21.7,21.8,23.1,22.5,22.7,22.7,On,On,Off,Off,Off,Off,Off,100,100,Off,On,Off,Off,Off,Off,Off,Off,Off,On,Off,Off,Off,Off,On,Off,On,On,On,On,On,On,On,On,On,On,On,On
24/02/2021 20:25,21.3,22.2,21.6,22,22.5,22.6,22.6,21.8,22.5,21.7,21.3,22.5,21.8,21.9,23.1,22.5,22.6,22.6,On,On,Off,Off,Off,Off,Off,100,100,Off,On,Off,Off,Off,Off,Off,Off,Off,On,Off,Off,On,Off,On,Off,On,On,On,On,On,On,On,On,On,On,On,On
24/02/2021 20:30,21,22.2,21.6,22,22.5,22.7,22.5,21.8,22.8,21.9,21.5,22.8,21.9,22,23.2,22.5,22.4,22.4,On,On,Off,Off,Off,Off,Off,100,100,Off,On,Off,Off,Off,Off,Off,Off,Off,On,Off,Off,On,Off,On,Off,On,On,On,On,On,On,On,On,On,On,On,On
24/02/2021 20:35,20.7,22.3,21.7,22.2,22.5,22.7,22.5,21.9,22.8,22.1,21.5,23,21.9,22.1,23.2,22.5,22.2,22.1,On,On,Off,Off,Off,Off,Off,100,100,Off,On,Off,Off,Off,Off,Off,Off,Off,On,Off,Off,On,Off,On,Off,On,On,On,On,On,On,On,On,On,On,On,On
24/02/2021 20:40,20.5,22.3,21.8,22.2,22.6,22.7,22.4,22,23,22.3,21.6,23.2,22,22.1,23.2,22.4,21.9,21.9,On,On,Off,Off,Off,Off,Off,100,100,Off,On,Off,Off,Off,Off,Off,Off,Off,On,Off,Off,On,Off,On,Off,On,On,On,On,On,On,On,On,On,On,On,On
24/02/2021 20:45,20.3,22.3,21.8,22.1,22.7,22.7,22.3,22,23.1,22.4,21.7,23.4,20.8,21.2,23.2,22.3,21.8,21.8,On,On,Off,Off,Off,On,Off,100,100,Off,On,Off,Off,Off,Off,Off,Off,Off,On,On,Off,On,Off,On,Off,On,On,On,On,On,On,On,On,On,On,On,On
24/02/2021 20:50,20.1,22.3,21.9,22.1,22.6,22.9,22.1,21.9,23.3,22.5,21.8,23.6,18.5,17.9,23.3,22.2,21.6,21.6,On,On,Off,Off,Off,On,Off,100,100,Off,On,Off,Off,Off,Off,Off,Off,Off,On,On,Off,On,Off,On,Off,On,On,On,On,On,On,On,On,On,On,On,On
24/02/2021 20:55,19.9,22.4,21.9,22.2,22.6,22.8,22,21.7,23.4,22.7,21.9,23.7,17.9,16.9,23.3,22.1,21.4,21.4,On,On,Off,Off,Off,On,Off,100,100,Off,On,Off,Off,Off,Off,Off,Off,Off,On,On,Off,On,Off,On,Off,On,On,On,On,On,On,On,On,On,On,On,On
24/02/2021 21:00,19.7,22.4,22,22.2,22.8,22.8,21.9,21.5,23.6,22.8,21.8,23.8,17.4,16.3,23.3,22,21.3,21.2,On,On,Off,Off,Off,On,Off,100,100,Off,On,Off,Off,Off,Off,Off,Off,Off,On,On,Off,On,Off,On,Off,On,On,On,On,On,On,On,On,On,On,On,On
24/02/2021 21:05,19.4,22.4,22,22.2,22.8,22.9,21.7,21.3,23.7,22.9,21.8,23.8,17.1,16,23.3,21.9,21.1,21,On,On,Off,Off,Off,On,Off,100,100,Off,On,Off,Off,Off,Off,Off,Off,Off,On,On,Off,On,Off,On,Off,On,On,On,On,On,On,On,On,On,On,On,On
24/02/2021 21:10,19.2,22.4,22.1,22.1,22.8,23,21.5,21.1,23.8,23.1,21.8,23.9,17,15.8,23.4,21.7,20.9,20.8,On,On,Off,Off,Off,On,Off,100,100,Off,On,Off,Off,Off,Off,Off,Off,Off,On,On,Off,On,Off,On,Off,On,On,On,On,On,On,On,On,On,On,On,On
24/02/2021 21:15,19.1,22.5,22.1,22.1,22.9,22.9,21.4,20.9,24,23.2,21.9,23.9,16.8,15.6,23.4,21.6,20.8,20.7,On,On,Off,Off,Off,On,Off,100,100,Off,On,Off,Off,Off,Off,Off,Off,Off,On,On,Off,On,Off,On,Off,On,On,On,On,On,On,On,On,On,On,On,On
24/02/2021 21:20,18.9,22.5,22.2,22.1,22.9,22.9,21.3,20.7,24.2,23.3,22,24,16.6,15.5,23.4,21.5,20.7,20.6,On,On,Off,Off,Off,On,Off,100,100,Off,On,Off,Off,Off,Off,Off,Off,Off,On,On,Off,On,Off,On,Off,On,On,On,On,On,On,On,On,On,On,On,On
24/02/2021 21:25,18.9,22.5,22.2,22.1,22.9,23,21.2,20.6,24.2,23.4,21.9,24.1,16.6,15.5,23.4,21.3,20.6,20.6,On,On,Off,Off,Off,On,Off,100,100,Off,On,Off,Off,Off,Off,Off,Off,Off,On,On,Off,On,Off,On,Off,On,On,On,On,On,On,On,On,On,On,On,On
24/02/2021 21:30,18.7,22.5,22.2,22.2,22.9,23.1,21,20.4,24.4,23.5,21.8,24.1,16.6,15.5,23.5,21.2,20.6,20.5,On,On,Off,Off,Off,On,Off,100,100,Off,On,Off,Off,Off,Off,Off,Off,Off,On,On,Off,On,Off,On,Off,On,On,On,On,On,On,On,On,On,On,On,On
24/02/2021 21:35,18.6,22.5,22.3,22.2,23,23,21,20.3,24.5,23.5,21.8,24.1,16.5,15.4,23.4,21.1,20.4,20.3,On,On,Off,Off,Off,On,Off,100,100,Off,On,Off,Off,Off,Off,Off,Off,Off,On,On,Off,On,Off,On,Off,On,On,On,On,On,On,On,On,On,On,On,On
24/02/2021 21:40,18.3,22.5,22.3,22.2,23,23.1,20.8,20.1,24.5,23.6,21.9,24.2,16.5,15.3,23.5,21,20.2,20.2,On,On,Off,Off,Off,On,Off,100,100,Off,On,Off,Off,Off,Off,Off,Off,Off,On,On,Off,On,Off,On,Off,On,On,On,On,On,On,On,On,On,On,On,On
24/02/2021 21:45,18.3,22.6,22.3,22.3,22.9,23.1,20.7,20,24.6,23.7,22,24.2,16.4,15.2,23.4,20.9,20.2,20.2,On,On,Off,Off,Off,On,Off,100,100,Off,On,Off,Off,Off,Off,Off,Off,Off,On,On,Off,On,Off,On,Off,On,On,On,On,On,On,On,On,On,On,On,On
24/02/2021 21:50,18.2,22.6,22.4,22.3,23,23,20.6,20,24.6,23.8,22,24.3,19.1,18.4,23.4,20.8,20.2,20.1,On,On,Off,Off,Off,Off,Off,100,100,Off,On,Off,Off,Off,Off,Off,Off,Off,On,Off,Off,On,Off,On,Off,On,On,On,On,On,On,On,On,On,On,On,On
24/02/2021 21:55,18,22.6,22.4,22.2,23.1,23.1,20.5,20.1,24.7,23.8,21.9,24.3,20.1,19.9,23.5,20.6,20,19.9,On,On,Off,Off,Off,Off,Off,100,100,Off,On,Off,Off,Off,Off,Off,Off,Off,On,Off,Off,On,Off,On,Off,On,On,On,On,On,On,On,On,On,On,On,On
24/02/2021 22:00,17.9,22.6,22.4,22.3,23,23,20.4,20.2,24.8,23.9,21.9,24.4,20.6,20.6,23.5,20.5,19.9,19.8,On,On,Off,Off,Off,Off,Off,100,100,Off,On,Off,Off,Off,Off,Off,Off,Off,On,Off,Off,On,Off,On,Off,On,On,On,On,On,On,On,On,On,On,On,On
24/02/2021 22:05,17.8,22.6,22.4,22.4,23,23.1,20.3,20.4,24.9,24,22,24.4,20.9,21,23.5,20.4,19.8,19.8,On,On,Off,Off,Off,Off,Off,100,100,Off,On,Off,Off,Off,Off,Off,Off,Off,On,Off,Off,On,Off,On,Off,On,On,On,On,On,Off,Off,Off,Off,Off,Off,Off
24/02/2021 22:10,17.9,22.6,22.5,22.4,23,23.1,20.2,20.6,25.1,24,22,24.4,21.1,21.2,23.5,20.3,19.9,19.9,On,On,Off,Off,Off,Off,Off,100,100,Off,On,Off,Off,Off,Off,Off,Off,Off,On,Off,Off,On,Off,On,Off,On,On,On,On,On,Off,Off,Off,Off,Off,Off,Off
24/02/2021 22:15,17.9,22.6,22.5,22.3,23,23.1,20.2,20.7,25,24,22.1,24.5,21.2,21.3,23.5,20.2,19.9,19.9,On,On,Off,Off,Off,Off,Off,100,100,Off,On,Off,Off,Off,Off,Off,Off,Off,On,Off,Off,On,Off,On,Off,On,On,On,On,On,Off,Off,Off,Off,Off,Off,Off
24/02/2021 22:20,17.6,22.6,22.5,22.3,23,23.1,20.2,20.9,25.1,24.1,22,24.5,21.3,21.4,23.5,20.1,19.8,19.8,On,On,Off,Off,Off,Off,Off,100,100,Off,On,Off,Off,Off,Off,Off,Off,Off,On,Off,Off,On,Off,On,Off,On,On,On,On,On,Off,Off,Off,Off,Off,Off,Off
24/02/2021 22:25,17.5,22.6,22.5,22.4,22.9,23,20.1,21,25.2,24.1,21.9,24.4,21.3,21.4,23.5,20.1,19.7,19.6,On,On,Off,Off,Off,Off,Off,100,100,Off,On,Off,Off,Off,Off,Off,Off,Off,On,Off,Off,On,Off,On,Off,On,On,On,On,On,Off,Off,Off,Off,Off,Off,Off
24/02/2021 22:30,17.3,22.6,22.5,22.3,22.9,23,20,21.1,25.2,24.1,21.9,24.4,21.2,21.4,23.4,20,19.5,19.5,On,On,Off,Off,Off,Off,Off,100,100,Off,On,Off,Off,Off,Off,Off,Off,Off,On,Off,Off,On,Off,On,Off,On,On,On,On,On,Off,Off,Off,Off,Off,Off,Off
24/02/2021 22:35,17.2,22.6,22.5,22.4,22.9,22.9,20.2,21.2,25.2,24.1,22,24.4,21.3,21.5,23.4,20.1,19.6,19.6,Off,Off,Off,Off,Off,Off,Off,100,100,Off,Off,Off,Off,Off,Off,Off,Off,Off,On,Off,Off,On,Off,On,Off,Off,Off,Off,Off,Off,Off,Off,Off,Off,Off,Off,Off
24/02/2021 22:40,17.3,22.6,22.5,22.2,23,22.8,20.3,21.3,25.2,24.1,22.1,24.4,21.4,21.6,23.3,20.3,19.8,19.8,Off,Off,Off,Off,Off,Off,Off,100,100,Off,Off,Off,Off,Off,Off,Off,Off,Off,On,Off,Off,On,Off,On,Off,Off,Off,Off,Off,Off,Off,Off,Off,Off,Off,Off,Off
24/02/2021 22:45,17.6,22.6,22.5,22.3,22.8,22.8,20.4,21.4,25.2,24.1,22.1,24.4,21.5,21.6,23.3,20.4,20,20.1,Off,Off,Off,Off,Off,Off,Off,100,100,Off,Off,Off,Off,Off,Off,Off,Off,Off,On,Off,Off,On,Off,On,Off,Off,Off,Off,Off,Off,Off,Off,Off,Off,Off,Off,Off
24/02/2021 22:50,17.5,22.6,22.5,22.3,22.8,22.7,20.5,21.5,25.2,24.1,21.9,24.4,21.5,21.7,23.2,20.4,20.2,20.2,Off,Off,Off,Off,Off,Off,Off,100,100,Off,Off,Off,Off,Off,Off,Off,Off,Off,On,Off,Off,On,Off,On,Off,Off,Off,Off,Off,Off,Off,Off,Off,Off,Off,Off,Off
24/02/2021 22:55,17.3,22.6,22.5,22.1,22.9,22.7,20.5,21.6,25.2,24.1,21.9,24.3,21.5,21.7,23.2,20.4,20.4,20.4,Off,Off,Off,Off,Off,Off,Off,100,100,Off,Off,Off,Off,Off,Off,Off,Off,Off,On,Off,Off,On,Off,On,Off,Off,Off,Off,Off,Off,Off,Off,Off,Off,Off,Off,Off
24/02/2021 23:00,17.2,22.5,22.5,22.2,22.8,22.6,20.5,21.7,25.2,24.1,21.9,24.3,21.6,21.7,23.2,20.5,20.5,20.5,Off,Off,Off,Off,Off,Off,Off,100,100,Off,Off,Off,Off,Off,Off,Off,Off,Off,On,Off,Off,On,Off,On,Off,Off,Off,Off,Off,Off,Off,Off,Off,Off,Off,Off,Off
24/02/2021 23:05,17.1,22.5,22.4,22.1,22.7,22.7,20.6,21.7,25.2,24.1,22,24.3,21.6,21.7,23.2,20.4,20.6,20.7,Off,Off,Off,Off,Off,Off,Off,100,100,Off,Off,Off,Off,Off,Off,Off,Off,Off,On,Off,Off,On,Off,On,Off,Off,Off,Off,Off,Off,Off,Off,Off,Off,Off,Off,Off
24/02/2021 23:10,17,22.5,22.4,22.2,22.6,22.7,20.6,21.8,25.3,24.1,22,24.3,21.6,21.7,23.1,20.5,20.7,20.7,Off,Off,Off,Off,Off,Off,Off,100,100,Off,Off,Off,Off,Off,Off,Off,Off,Off,On,Off,Off,On,Off,On,Off,Off,Off,Off,Off,Off,Off,Off,Off,Off,Off,Off,Off
24/02/2021 23:15,16.7,22.5,22.4,22.1,22.7,22.6,20.6,21.9,25.3,24.1,21.8,24.3,21.5,21.7,23.1,20.5,20.7,20.8,Off,Off,Off,Off,Off,Off,Off,100,100,Off,Off,Off,Off,Off,Off,Off,Off,Off,On,Off,Off,On,Off,On,Off,Off,Off,Off,Off,Off,Off,Off,Off,Off,Off,Off,Off
24/02/2021 23:20,16.7,22.5,22.4,22,22.7,22.6,20.6,21.9,25.3,24.1,21.8,24.2,21.6,21.7,23.1,20.5,20.8,20.8,Off,Off,Off,Off,Off,Off,Off,100,100,Off,Off,Off,Off,Off,Off,Off,Off,Off,On,Off,Off,On,Off,On,Off,Off,Off,Off,Off,Off,Off,Off,Off,Off,Off,Off,Off
24/02/2021 23:25,16.7,22.5,22.4,22,22.6,22.5,20.6,21.9,25.4,24.1,21.8,24.2,21.5,21.7,23.1,20.5,20.9,20.9,Off,Off,Off,Off,Off,Off,Off,100,100,Off,Off,Off,Off,Off,Off,Off,Off,Off,On,Off,Off,On,Off,On,Off,Off,Off,Off,Off,Off,Off,Off,Off,Off,Off,Off,Off
24/02/2021 23:30,16.7,22.5,22.4,22,22.6,22.6,20.6,22,25.3,24,21.8,24.1,19.8,20.1,23.1,20.5,20.9,20.9,Off,Off,Off,Off,Off,On,Off,100,100,Off,Off,Off,Off,Off,Off,Off,Off,Off,On,On,Off,On,Off,On,Off,Off,Off,Off,Off,Off,Off,Off,Off,Off,Off,Off,Off
24/02/2021 23:35,16.7,22.5,22.3,22,22.5,22.5,20.6,21.9,25.3,24,21.9,24.1,17.9,17.3,23.1,20.5,20.9,20.9,Off,Off,Off,Off,Off,On,Off,100,100,Off,Off,Off,Off,Off,Off,Off,Off,Off,On,On,Off,On,Off,On,Off,Off,Off,Off,Off,Off,Off,Off,Off,Off,Off,Off,Off
24/02/2021 23:40,16.8,22.5,22.3,21.9,22.5,22.6,20.6,21.7,25.3,24,21.8,24.1,17.1,16.2,23.1,20.5,21,20.9,Off,Off,Off,Off,Off,On,Off,100,100,Off,Off,Off,Off,Off,Off,Off,Off,Off,On,On,Off,On,Off,On,Off,Off,Off,Off,Off,Off,Off,Off,Off,Off,Off,Off,Off
24/02/2021 23:45,16.8,22.5,22.3,21.9,22.6,22.4,20.6,21.4,25.3,24,21.6,24.1,16.7,15.8,23,20.5,21,20.9,Off,Off,Off,Off,Off,On,Off,100,100,Off,Off,Off,Off,Off,Off,Off,Off,Off,On,On,Off,On,Off,On,Off,Off,Off,Off,Off,Off,Off,Off,Off,Off,Off,Off,Off
24/02/2021 23:50,16.8,22.4,22.3,21.9,22.6,22.4,20.7,21.2,25.2,24,21.6,24.1,16.6,15.5,23,20.5,21,20.9,Off,Off,Off,Off,Off,On,Off,100,100,Off,Off,Off,Off,Off,Off,Off,Off,Off,On,On,Off,On,Off,On,Off,Off,Off,Off,Off,Off,Off,Off,Off,Off,Off,Off,Off
24/02/2021 23:55,16.6,22.4,22.3,21.9,22.5,22.4,20.7,21,25.3,24,21.6,24,16.5,15.4,23,20.5,21,20.9,Off,Off,Off,Off,Off,On,Off,100,100,Off,Off,Off,Off,Off,Off,Off,Off,Off,On,On,Off,On,Off,On,Off,Off,Off,Off,Off,Off,Off,Off,Off,Off,Off,Off,Off
25/02/2021 00:00,16.6,22.4,22.3,21.9,22.4,22.4,20.7,20.8,25.3,24,21.6,24,16.3,15.2,23,20.5,21,21,Off,Off,Off,Off,Off,On,Off,100,100,Off,Off,Off,Off,Off,Off,Off,Off,Off,On,On,Off,On,Off,On,Off,Off,Off,Off,Off,Off,Off,Off,Off,Off,Off,Off,Off
25/02/2021 00:05,16.5,22.4,22.2,21.9,22.4,22.3,20.7,20.6,25.2,24,21.7,24,16.3,15.1,22.9,20.5,21,20.9,Off,Off,Off,Off,Off,On,Off,100,100,Off,Off,Off,Off,Off,Off,Off,Off,Off,On,On,Off,On,Off,On,Off,Off,Off,Off,Off,Off,Off,Off,Off,Off,Off,Off,Off
25/02/2021 00:10,16.5,22.4,22.2,21.9,22.5,22.3,20.7,20.5,25.3,23.9,21.5,24,16.2,15,22.9,20.4,21,21,Off,Off,Off,Off,Off,On,Off,100,100,Off,Off,Off,Off,Off,Off,Off,Off,Off,On,On,Off,On,Off,On,Off,Off,Off,Off,Off,Off,Off,Off,Off,Off,Off,Off,Off
25/02/2021 00:15,16.7,22.4,22.2,21.9,22.3,22.4,20.7,20.3,25.2,23.9,21.4,23.9,16,14.8,23,20.4,21,21,Off,Off,Off,Off,Off,On,Off,100,100,Off,Off,Off,Off,Off,Off,Off,Off,Off,On,On,Off,On,Off,On,Off,Off,Off,Off,Off,Off,Off,Off,Off,Off,Off,Off,Off
25/02/2021 00:20,17.1,22.4,22.2,21.9,22.4,22.3,20.7,20.1,25.2,23.9,21.4,23.9,15.9,14.7,22.9,20.5,21,20.9,Off,Off,Off,Off,Off,On,Off,100,100,Off,Off,Off,Off,Off,Off,Off,Off,Off,On,On,Off,On,Off,On,Off,Off,Off,Off,Off,Off,Off,Off,Off,Off,Off,Off,Off
25/02/2021 00:25,17.7,22.4,22.2,21.7,22.4,22.2,20.6,20,25.2,23.9,21.5,23.9,15.6,14.7,22.9,20.4,21,20.9,Off,Off,Off,Off,Off,Off,Off,100,100,Off,Off,Off,Off,Off,Off,Off,Off,Off,On,Off,Off,On,Off,On,Off,Off,Off,Off,Off,Off,Off,Off,Off,Off,Off,Off,Off
25/02/2021 00:30,18.2,22.4,22.2,21.8,22.4,22.3,20.7,19.9,25.2,23.9,21.5,23.9,18.9,18.5,22.8,20.5,21,20.9,Off,Off,Off,Off,Off,Off,Off,100,100,Off,Off,Off,Off,Off,Off,Off,Off,Off,On,Off,Off,On,Off,On,Off,Off,Off,Off,Off,Off,Off,Off,Off,Off,Off,Off,Off
25/02/2021 00:35,18.6,22.4,22.2,21.8,22.3,22.3,20.6,20,25.2,23.9,21.5,23.9,19.8,19.7,22.9,20.4,21,20.9,Off,Off,Off,Off,Off,Off,Off,100,100,Off,Off,Off,Off,Off,Off,Off,Off,Off,On,Off,Off,On,Off,On,Off,Off,Off,Off,Off,Off,Off,Off,Off,Off,Off,Off,Off
25/02/2021 00:40,18.7,22.4,22.1,21.7,22.4,22.3,20.6,20.2,25.2,23.9,21.4,23.8,20.2,20.2,22.9,20.4,21,20.9,Off,Off,Off,Off,Off,Off,Off,100,100,Off,Off,Off,Off,Off,Off,Off,Off,Off,On,Off,Off,On,Off,On,Off,Off,Off,Off,Off,Off,Off,Off,Off,Off,Off,Off,Off
25/02/2021 00:45,18.6,22.3,22.1,21.7,22.4,22.2,20.6,20.3,25.2,23.9,21.4,23.8,20.5,20.6,22.8,20.4,21,20.9,Off,Off,Off,Off,Off,Off,Off,100,100,Off,Off,Off,Off,Off,Off,Off,Off,Off,On,Off,Off,On,Off,On,Off,Off,Off,Off,Off,Off,Off,Off,Off,Off,Off,Off,Off
25/02/2021 00:50,18.5,22.3,22.1,21.7,22.4,22.1,20.6,20.4,25.2,23.8,21.5,23.8,20.6,20.7,22.8,20.4,21,20.9,Off,Off,Off,Off,Off,Off,Off,100,100,Off,Off,Off,Off,Off,Off,Off,Off,Off,On,Off,Off,On,Off,On,Off,Off,Off,Off,Off,Off,Off,Off,Off,Off,Off,Off,Off
25/02/2021 00:55,18.5,22.3,22.1,21.7,22.3,22.3,20.6,20.5,25.2,23.8,21.5,23.8,20.7,20.9,22.8,20.4,21,20.9,Off,Off,Off,Off,Off,Off,Off,100,100,Off,Off,Off,Off,Off,Off,Off,Off,Off,On,Off,Off,On,Off,On,Off,Off,Off,Off,Off,Off,Off,Off,Off,Off,Off,Off,Off
25/02/2021 01:00,18.4,22.3,22.1,21.7,22.2,22.1,20.6,20.7,25.2,23.8,21.6,23.8,20.8,21,22.8,20.4,21,20.9,Off,Off,Off,Off,Off,Off,Off,100,100,Off,Off,Off,Off,Off,Off,Off,Off,Off,On,Off,Off,On,Off,On,Off,Off,Off,Off,Off,Off,Off,Off,Off,Off,Off,Off,Off
25/02/2021 01:05,18.5,22.3,22.1,21.6,22.3,22.2,20.6,20.8,25.2,23.9,21.5,23.8,20.9,21,22.7,20.4,21,21,Off,Off,Off,Off,Off,Off,Off,100,100,Off,Off,Off,Off,Off,Off,Off,Off,Off,On,Off,Off,On,Off,On,Off,Off,Off,Off,Off,Off,Off,Off,Off,Off,Off,Off,Off
25/02/2021 01:10,18.4,22.3,22.1,21.6,22.3,22.2,20.6,20.9,25.2,23.8,21.4,23.8,20.9,21,22.8,20.4,21,20.9,Off,Off,Off,Off,Off,Off,Off,100,100,Off,Off,Off,Off,Off,Off,Off,Off,Off,On,Off,Off,On,Off,On,Off,Off,Off,Off,Off,Off,Off,Off,Off,Off,Off,Off,Off
25/02/2021 01:15,18.4,22.3,22.1,21.7,22.2,22.1,20.6,21,25.2,23.8,21.5,23.7,20.9,21.1,22.7,20.4,21,20.9,Off,Off,Off,Off,Off,Off,Off,100,100,Off,Off,Off,Off,Off,Off,Off,Off,Off,On,Off,Off,On,Off,On,Off,Off,Off,Off,Off,Off,Off,Off,Off,Off,Off,Off,Off
25/02/2021 01:20,18.5,22.3,22.1,21.6,22.2,22.2,20.6,21.1,25.3,23.8,21.5,23.7,20.9,21.1,22.8,20.4,21,20.9,Off,Off,Off,Off,Off,Off,Off,100,100,Off,Off,Off,Off,Off,Off,Off,Off,Off,On,Off,Off,On,Off,On,Off,Off,Off,Off,Off,Off,Off,Off,Off,Off,Off,Off,Off
25/02/2021 01:25,18.4,22.3,22.1,21.6,22.2,22.2,20.6,21.2,25.3,23.8,21.6,23.8,21,21.1,22.8,20.4,21,21,Off,Off,Off,Off,Off,Off,Off,100,100,Off,Off,Off,Off,Off,Off,Off,Off,Off,On,Off,Off,On,Off,On,Off,Off,Off,Off,Off,Off,Off,Off,Off,Off,Off,Off,Off
25/02/2021 01:30,18.4,22.3,22,21.6,22.2,22.2,20.6,21.3,25.2,23.8,21.6,23.8,21,21.2,22.8,20.3,21,21,Off,Off,Off,Off,Off,Off,Off,100,100,Off,Off,Off,Off,Off,Off,Off,Off,Off,On,Off,Off,On,Off,On,Off,Off,Off,Off,Off,Off,Off,Off,Off,Off,Off,Off,Off
25/02/2021 01:35,18.4,22.3,22,21.6,22.2,22.2,20.6,21.3,25.2,23.8,21.4,23.8,21,21.2,22.7,20.3,21,21,Off,Off,Off,Off,Off,Off,Off,100,100,Off,Off,Off,Off,Off,Off,Off,Off,Off,On,Off,Off,On,Off,On,Off,Off,Off,Off,Off,Off,Off,Off,Off,Off,Off,Off,Off
25/02/2021 01:40,18.3,22.3,22,21.5,22.2,22.1,20.6,21.4,25.2,23.8,21.4,23.8,21.1,21.2,22.7,20.3,21.1,21,Off,Off,Off,Off,Off,Off,Off,100,100,Off,Off,Off,Off,Off,Off,Off,Off,Off,On,Off,Off,On,Off,On,Off,Off,Off,Off,Off,Off,Off,Off,Off,Off,Off,Off,Off
25/02/2021 01:45,18.1,22.3,22,21.5,22.2,22.1,20.6,21.4,25.2,23.8,21.5,23.8,21.1,21.3,22.7,20.3,21.1,21,Off,Off,Off,Off,Off,Off,Off,100,100,Off,Off,Off,Off,Off,Off,Off,Off,Off,On,Off,Off,On,Off,On,Off,Off,Off,Off,Off,Off,Off,Off,Off,Off,Off,Off,Off
25/02/2021 01:50,18.1,22.2,22,21.6,22.1,22.1,20.7,21.5,25.3,23.8,21.6,23.9,21.1,21.3,22.7,20.3,21,21,Off,Off,Off,Off,Off,Off,Off,100,100,Off,Off,Off,Off,Off,Off,Off,Off,Off,On,Off,Off,On,Off,On,Off,Off,Off,Off,Off,Off,Off,Off,Off,Off,Off,Off,Off
25/02/2021 01:55,18.1,22.2,22,21.6,22.1,22.1,20.7,21.6,25.2,23.8,21.6,23.9,21.1,21.3,22.7,20.3,21.1,21,Off,Off,Off,Off,Off,Off,Off,100,100,Off,Off,Off,Off,Off,Off,Off,Off,Off,On,Off,Off,On,Off,On,Off,Off,Off,Off,Off,Off,Off,Off,Off,Off,Off,Off,Off
25/02/2021 02:00,18.1,22.2,22,21.5,22.2,22.1,20.6,21.6,25.3,23.8,21.5,23.8,21.2,21.3,22.7,20.3,21.1,21,Off,Off,Off,Off,Off,Off,Off,100,100,Off,Off,Off,Off,Off,Off,Off,Off,Off,On,Off,Off,On,Off,On,Off,Off,Off,Off,Off,Off,Off,Off,Off,Off,Off,Off,Off
25/02/2021 02:05,18.1,22.2,22,21.6,22.1,22,20.7,21.7,25.4,23.8,21.5,23.8,21.1,21.3,22.7,20.3,21,21,Off,Off,Off,Off,Off,Off,Off,100,100,Off,Off,Off,Off,Off,Off,Off,Off,Off,On,Off,Off,On,Off,On,Off,Off,Off,Off,Off,Off,Off,Off,Off,Off,Off,Off,Off
25/02/2021 02:10,18.1,22.2,22,21.5,22.2,22,20.7,21.7,25.3,23.8,21.5,23.8,21.1,21.3,22.6,20.3,21.1,21,Off,Off,Off,Off,Off,Off,Off,100,100,Off,Off,Off,Off,Off,Off,Off,Off,Off,On,Off,Off,On,Off,On,Off,Off,Off,Off,Off,Off,Off,Off,Off,Off,Off,Off,Off
25/02/2021 02:15,18.2,22.2,22,21.6,22.1,22.1,20.6,21.8,25.2,23.8,21.5,23.8,21.1,21.3,22.7,20.3,21,21,Off,Off,Off,Off,Off,Off,Off,100,100,Off,Off,Off,Off,Off,Off,Off,Off,Off,On,Off,Off,On,Off,On,Off,Off,Off,Off,Off,Off,Off,Off,Off,Off,Off,Off,Off
25/02/2021 02:20,18.1,22.2,22,21.5,22.1,22.1,20.6,21.8,25.3,23.8,21.6,23.8,21.1,21.3,22.7,20.3,21,21,Off,Off,Off,Off,Off,Off,Off,100,100,Off,Off,Off,Off,Off,Off,Off,Off,Off,On,Off,Off,On,Off,On,Off,Off,Off,Off,Off,Off,Off,Off,Off,Off,Off,Off,Off
25/02/2021 02:25,18.2,22.2,22,21.6,22.2,22,20.7,21.9,25.3,23.8,21.5,23.8,21.2,21.3,22.6,20.3,21.1,21,Off,Off,Off,Off,Off,Off,Off,100,100,Off,Off,Off,Off,Off,Off,Off,Off,Off,On,Off,Off,On,Off,On,Off,Off,Off,Off,Off,Off,Off,Off,Off,Off,Off,Off,Off
25/02/2021 02:30,18.1,22.2,22,21.5,22.2,22,20.7,21.9,25.4,23.8,21.4,23.8,21.2,21.4,22.6,20.3,21.1,21,Off,Off,Off,Off,Off,Off,Off,100,100,Off,Off,Off,Off,Off,Off,Off,Off,Off,On,Off,Off,On,Off,On,Off,Off,Off,Off,Off,Off,Off,Off,Off,Off,Off,Off,Off
25/02/2021 02:35,18.1,22.2,22,21.4,22.1,22,20.7,21.9,25.5,23.8,21.5,23.8,21.2,21.4,22.6,20.3,21.1,21,Off,Off,Off,Off,Off,Off,Off,100,100,Off,Off,Off,Off,Off,Off,Off,Off,Off,On,Off,Off,On,Off,On,Off,Off,Off,Off,Off,Off,Off,Off,Off,Off,Off,Off,Off
25/02/2021 02:40,18.2,22.2,22,21.4,22.2,22,20.7,21.9,25.4,23.8,21.5,23.8,21.2,21.4,22.6,20.3,21.1,21,Off,Off,Off,Off,Off,Off,Off,100,100,Off,Off,Off,Off,Off,Off,Off,Off,Off,On,Off,Off,On,Off,On,Off,Off,Off,Off,Off,Off,Off,Off,Off,Off,Off,Off,Off
25/02/2021 02:45,18.1,22.2,22,21.5,22.1,22.1,20.7,22,25.3,23.8,21.6,23.9,21.1,21.3,22.6,20.3,21,21,Off,Off,Off,Off,Off,On,Off,100,100,Off,Off,Off,Off,Off,Off,Off,Off,Off,On,On,Off,On,Off,On,Off,Off,Off,Off,Off,Off,Off,Off,Off,Off,Off,Off,Off
25/02/2021 02:50,17.9,22.2,22,21.5,22,22,20.6,21.9,25.2,23.8,21.7,23.9,18.1,17.7,22.7,20.2,21.1,21,Off,Off,Off,Off,Off,On,Off,100,100,Off,Off,Off,Off,Off,Off,Off,Off,Off,On,On,Off,On,Off,On,Off,Off,Off,Off,Off,Off,Off,Off,Off,Off,Off,Off,Off
25/02/2021 02:55,18.1,22.2,22,21.5,22,22,20.6,21.7,25.2,23.8,21.5,23.9,17,16.3,22.7,20.2,21.1,21,Off,Off,Off,Off,Off,On,Off,100,100,Off,Off,Off,Off,Off,Off,Off,Off,Off,On,On,Off,On,Off,On,Off,Off,Off,Off,Off,Off,Off,Off,Off,Off,Off,Off,Off
25/02/2021 03:00,17.9,22.2,22,21.5,22,22,20.7,21.5,25.2,23.8,21.5,23.8,16.7,15.7,22.6,20.2,21,21,Off,Off,Off,Off,Off,On,Off,100,100,Off,Off,Off,Off,Off,Off,Off,Off,Off,On,On,Off,On,Off,On,Off,Off,Off,Off,Off,Off,Off,Off,Off,Off,Off,Off,Off
25/02/2021 03:05,17.9,22.2,21.9,21.5,22,21.9,20.7,21.2,25.2,23.8,21.5,23.8,16.3,15.3,22.6,20.2,21,21,Off,Off,Off,Off,Off,On,Off,100,100,Off,Off,Off,Off,Off,Off,Off,Off,Off,On,On,Off,On,Off,On,Off,Off,Off,Off,Off,Off,Off,Off,Off,Off,Off,Off,Off
25/02/2021 03:10,17.8,22.2,21.9,21.5,22.1,21.9,20.7,21,25.4,23.8,21.5,23.8,16.1,15.1,22.5,20.2,21,21,Off,Off,Off,Off,Off,On,Off,100,100,Off,Off,Off,Off,Off,Off,Off,Off,Off,On,On,Off,On,Off,On,Off,Off,Off,Off,Off,Off,Off,Off,Off,Off,Off,Off,Off
25/02/2021 03:15,17.8,22.2,21.9,21.5,22,21.9,20.6,20.8,25.4,23.8,21.5,23.8,16,14.9,22.6,20.2,21,21,Off,Off,Off,Off,Off,On,Off,100,100,Off,Off,Off,Off,Off,Off,Off,Off,Off,On,On,Off,On,Off,On,Off,Off,Off,Off,Off,Off,Off,Off,Off,Off,Off,Off,Off
25/02/2021 03:20,18,22.2,21.9,21.4,22,22,20.6,20.6,25.4,23.8,21.5,23.8,15.8,14.7,22.6,20.2,21,21,Off,Off,Off,Off,Off,On,Off,100,100,Off,Off,Off,Off,Off,Off,Off,Off,Off,On,On,Off,On,Off,On,Off,Off,Off,Off,Off,Off,Off,Off,Off,Off,Off,Off,Off
25/02/2021 03:25,18,22.2,21.9,21.5,22,21.9,20.6,20.5,25.3,23.8,21.3,23.8,15.7,14.6,22.6,20.2,21,20.9,Off,Off,Off,Off,Off,On,Off,100,100,Off,Off,Off,Off,Off,Off,Off,Off,Off,On,On,Off,On,Off,On,Off,Off,Off,Off,Off,Off,Off,Off,Off,Off,Off,Off,Off
25/02/2021 03:30,17.9,22.1,21.9,21.4,22.1,21.9,20.6,20.3,25.3,23.8,21.3,23.7,15.6,14.5,22.5,20.2,21,20.9,Off,Off,Off,Off,Off,On,Off,100,100,Off,Off,Off,Off,Off,Off,Off,Off,Off,On,On,Off,On,Off,On,Off,Off,Off,Off,Off,Off,Off,Off,Off,Off,Off,Off,Off
25/02/2021 03:35,18.1,22.1,21.9,21.4,22,22,20.5,20.1,25.3,23.8,21.4,23.7,15.6,14.4,22.6,20.2,21,20.9,Off,Off,Off,Off,Off,On,Off,100,100,Off,Off,Off,Off,Off,Off,Off,Off,Off,On,On,Off,On,Off,On,Off,Off,Off,Off,Off,Off,Off,Off,Off,Off,Off,Off,Off
25/02/2021 03:40,18.2,22.1,21.9,21.4,22.1,21.9,20.5,19.9,25.3,23.8,21.4,23.7,17.7,16.9,22.5,20.2,20.9,20.8,Off,Off,Off,Off,Off,Off,Off,100,100,Off,Off,Off,Off,Off,Off,Off,Off,Off,On,Off,Off,On,Off,On,Off,Off,Off,Off,Off,Off,Off,Off,Off,Off,Off,Off,Off
25/02/2021 03:45,18.2,22.1,21.9,21.5,22,21.9,20.5,19.9,25.3,23.8,21.5,23.7,19.2,18.9,22.6,20.2,20.9,20.9,Off,Off,Off,Off,Off,Off,Off,100,100,Off,Off,Off,Off,Off,Off,Off,Off,Off,On,Off,Off,On,Off,On,Off,Off,Off,Off,Off,Off,Off,Off,Off,Off,Off,Off,Off
25/02/2021 03:50,18.2,22.1,21.9,21.5,21.9,21.9,20.5,20,25.2,23.8,21.3,23.7,19.8,19.8,22.6,20.2,20.9,20.8,Off,Off,Off,Off,Off,Off,Off,100,100,Off,Off,Off,Off,Off,Off,Off,Off,Off,On,Off,Off,On,Off,On,Off,Off,Off,Off,Off,Off,Off,Off,Off,Off,Off,Off,Off
25/02/2021 03:55,18.2,22.1,21.9,21.4,22.1,21.9,20.5,20.1,25.2,23.7,21.3,23.7,20.2,20.2,22.5,20.2,20.9,20.9,Off,Off,Off,Off,Off,Off,Off,100,100,Off,Off,Off,Off,Off,Off,Off,Off,Off,On,Off,Off,On,Off,On,Off,Off,Off,Off,Off,Off,Off,Off,Off,Off,Off,Off,Off
25/02/2021 04:00,18.2,22.1,21.9,21.4,21.9,21.9,20.5,20.3,25.2,23.7,21.3,23.7,20.3,20.5,22.6,20.2,20.9,20.9,Off,Off,Off,Off,Off,Off,Off,100,100,Off,Off,Off,Off,Off,Off,Off,Off,Off,On,Off,Off,On,Off,On,Off,Off,Off,Off,Off,Off,Off,Off,Off,Off,Off,Off,Off
25/02/2021 04:05,18,22.1,21.9,21.4,21.9,21.9,20.5,20.4,25.1,23.7,21.4,23.7,20.5,20.6,22.6,20.2,20.9,20.9,Off,Off,Off,Off,Off,Off,Off,100,100,Off,Off,Off,Off,Off,Off,Off,Off,Off,On,Off,Off,On,Off,On,Off,Off,Off,Off,Off,Off,Off,Off,Off,Off,Off,Off,Off
25/02/2021 04:10,18.1,22.1,21.9,21.3,22,21.9,20.5,20.5,25.2,23.7,21.5,23.7,20.6,20.7,22.6,20.1,20.9,20.9,Off,Off,Off,Off,Off,Off,Off,100,100,Off,Off,Off,Off,Off,Off,Off,Off,Off,On,Off,Off,On,Off,On,Off,Off,Off,Off,Off,Off,Off,Off,Off,Off,Off,Off,Off
25/02/2021 04:15,18.3,22.1,21.9,21.5,22.1,21.8,20.5,20.6,25.2,23.7,21.3,23.7,20.6,20.8,22.5,20.2,20.9,20.8,Off,Off,Off,Off,Off,Off,Off,100,100,Off,Off,Off,Off,Off,Off,Off,Off,Off,On,Off,Off,On,Off,On,Off,Off,Off,Off,Off,Off,Off,Off,Off,Off,Off,Off,Off
25/02/2021 04:20,18.1,22.1,21.9,21.4,22,21.8,20.5,20.7,25.2,23.7,21.3,23.7,20.7,20.8,22.5,20.2,20.9,20.8,Off,Off,Off,Off,Off,Off,Off,100,100,Off,Off,Off,Off,Off,Off,Off,Off,Off,On,Off,Off,On,Off,On,Off,Off,Off,Off,Off,Off,Off,Off,Off,Off,Off,Off,Off
25/02/2021 04:25,18,22.1,21.9,21.4,21.9,21.9,20.5,20.8,25.1,23.7,21.3,23.7,20.7,20.8,22.6,20.1,20.9,20.9,Off,Off,Off,Off,Off,Off,Off,100,100,Off,Off,Off,Off,Off,Off,Off,Off,Off,On,Off,Off,On,Off,On,Off,Off,Off,Off,Off,Off,Off,Off,Off,Off,Off,Off,Off
25/02/2021 04:30,17.9,22.1,21.9,21.4,22,21.8,20.5,20.8,25.2,23.7,21.4,23.6,20.7,20.9,22.5,20.1,20.9,20.8,Off,Off,Off,Off,Off,Off,Off,100,100,Off,Off,Off,Off,Off,Off,Off,Off,Off,On,Off,Off,On,Off,On,Off,Off,Off,Off,Off,Off,Off,Off,Off,Off,Off,Off,Off
25/02/2021 04:35,17.9,22.1,21.9,21.4,22,21.8,20.5,21,25.1,23.7,21.4,23.7,20.7,20.9,22.4,20.1,20.9,20.8,Off,Off,Off,Off,Off,Off,Off,100,100,Off,Off,Off,Off,Off,Off,Off,Off,Off,On,Off,Off,On,Off,On,Off,Off,Off,Off,Off,Off,Off,Off,Off,Off,Off,Off,Off
25/02/2021 04:40,17.9,22.1,21.9,21.4,21.9,21.8,20.5,21,25.1,23.7,21.4,23.7,20.7,20.9,22.5,20.1,20.9,20.9,Off,Off,Off,Off,Off,Off,Off,100,100,Off,Off,Off,Off,Off,Off,Off,Off,Off,On,Off,Off,On,Off,On,Off,Off,Off,Off,Off,Off,Off,Off,Off,Off,Off,Off,Off
25/02/2021 04:45,17.7,22.1,21.9,21.4,21.9,21.9,20.5,21.1,25.1,23.7,21.3,23.7,20.8,20.9,22.5,20.1,20.9,20.8,Off,Off,Off,Off,Off,Off,Off,100,100,Off,Off,Off,Off,Off,Off,Off,Off,Off,On,Off,Off,On,Off,On,Off,Off,Off,Off,Off,Off,Off,Off,Off,Off,Off,Off,Off
25/02/2021 04:50,17.7,22.1,21.9,21.3,22,21.9,20.5,21.1,25.1,23.7,21.3,23.7,20.7,20.9,22.5,20.1,20.9,20.8,Off,Off,Off,Off,Off,Off,Off,100,100,Off,Off,Off,Off,Off,Off,Off,Off,Off,On,Off,Off,On,Off,On,Off,Off,Off,Off,Off,Off,Off,Off,Off,Off,Off,Off,Off
25/02/2021 04:55,17.5,22,21.9,21.4,21.9,21.9,20.5,21.2,25.1,23.7,21.3,23.6,20.7,20.9,22.5,20.1,20.9,20.8,Off,Off,Off,Off,Off,Off,Off,100,100,Off,Off,Off,Off,Off,Off,Off,Off,Off,On,Off,Off,On,Off,On,Off,Off,Off,Off,Off,Off,Off,Off,Off,Off,Off,Off,Off
25/02/2021 05:00,17.5,22,21.9,21.4,22,21.7,20.5,21.3,25.1,23.7,21.3,23.6,20.7,20.8,22.4,20.1,20.8,20.8,Off,Off,Off,Off,Off,Off,Off,100,100,Off,Off,Off,Off,Off,Off,Off,Off,Off,On,Off,Off,On,Off,On,Off,Off,Off,Off,Off,Off,Off,Off,Off,Off,Off,Off,Off
25/02/2021 05:05,17.8,22,21.9,21.4,21.9,21.8,20.5,21.3,25,23.7,21.4,23.6,20.7,20.8,22.5,20.1,20.8,20.8,Off,Off,Off,Off,Off,Off,Off,100,100,Off,Off,Off,Off,Off,Off,Off,Off,Off,On,Off,Off,On,Off,On,Off,Off,Off,Off,Off,Off,Off,Off,Off,Off,Off,Off,Off
25/02/2021 05:10,17.9,22,21.9,21.4,21.9,21.8,20.5,21.3,25.2,23.7,21.2,23.6,20.7,20.9,22.5,20.1,20.8,20.8,Off,Off,Off,Off,Off,Off,Off,100,100,Off,Off,Off,Off,Off,Off,Off,Off,Off,On,Off,Off,On,Off,On,Off,Off,Off,Off,Off,Off,Off,Off,Off,Off,Off,Off,Off
25/02/2021 05:15,17.7,22,21.9,21.3,22,21.8,20.5,21.4,25.2,23.7,21.2,23.6,20.7,20.9,22.5,20.1,20.8,20.7,Off,Off,Off,Off,Off,Off,Off,100,100,Off,Off,Off,Off,Off,Off,Off,Off,Off,On,Off,Off,On,Off,On,Off,Off,Off,Off,Off,Off,Off,Off,Off,Off,Off,Off,Off
25/02/2021 05:20,17.7,22,21.9,21.3,22,21.8,20.5,21.4,25.1,23.7,21.2,23.6,20.7,20.9,22.5,20.1,20.8,20.8,Off,Off,Off,Off,Off,Off,Off,100,100,Off,Off,Off,Off,Off,Off,Off,Off,Off,On,Off,Off,On,Off,On,Off,Off,Off,Off,Off,Off,Off,Off,Off,Off,Off,Off,Off
25/02/2021 05:25,17.8,22,21.9,21.3,22,21.7,20.5,21.4,25,23.6,21.3,23.7,20.7,20.9,22.5,20.1,20.8,20.7,Off,Off,Off,Off,Off,Off,Off,100,100,Off,Off,Off,Off,Off,Off,Off,Off,Off,On,Off,Off,On,Off,On,Off,Off,Off,Off,Off,Off,Off,Off,Off,Off,Off,Off,Off
25/02/2021 05:30,17.7,22,21.9,21.4,22,21.7,20.5,21.5,25,23.6,21.3,23.7,20.7,20.9,22.4,20.1,20.8,20.7,Off,Off,Off,Off,Off,Off,Off,100,100,Off,Off,Off,Off,Off,Off,Off,Off,Off,On,Off,Off,On,Off,On,Off,Off,Off,Off,Off,Off,Off,Off,Off,Off,Off,Off,Off
25/02/2021 05:35,17.6,22,21.9,21.3,21.9,21.8,20.5,21.5,25,23.7,21.3,23.7,20.7,20.9,22.5,20.1,20.8,20.7,Off,Off,Off,Off,Off,Off,Off,100,100,Off,Off,Off,Off,Off,Off,Off,Off,Off,On,Off,Off,On,Off,On,Off,Off,Off,Off,Off,Off,Off,Off,Off,Off,Off,Off,Off
25/02/2021 05:40,17.7,22,21.9,21.4,21.9,21.7,20.5,21.5,25,23.6,21.2,23.6,20.7,20.9,22.5,20.1,20.8,20.7,Off,Off,Off,Off,Off,Off,Off,100,100,Off,Off,Off,Off,Off,Off,Off,Off,Off,On,Off,Off,On,Off,On,Off,Off,Off,Off,Off,Off,Off,Off,Off,Off,Off,Off,Off
25/02/2021 05:45,17.7,22,21.9,21.4,21.9,21.7,20.5,21.6,25,23.6,21.2,23.6,20.8,20.9,22.4,20.1,20.8,20.7,Off,Off,Off,Off,Off,Off,Off,100,100,Off,Off,Off,Off,Off,Off,Off,Off,Off,On,Off,Off,On,Off,On,Off,Off,Off,Off,Off,Off,Off,Off,Off,Off,Off,Off,Off
25/02/2021 05:50,17.6,22,21.9,21.4,21.8,21.8,20.5,21.6,25.1,23.6,21.3,23.6,20.8,20.9,22.5,20.1,20.8,20.8,Off,Off,Off,Off,Off,Off,Off,100,100,Off,Off,Off,Off,Off,Off,Off,Off,Off,On,Off,Off,On,Off,On,Off,Off,Off,Off,Off,Off,Off,Off,Off,Off,Off,Off,Off
25/02/2021 05:55,17.6,22,21.9,21.3,21.9,21.8,20.5,21.6,25.1,23.6,21.3,23.6,20.8,20.9,22.4,20,20.8,20.8,Off,Off,Off,Off,Off,Off,Off,100,100,Off,Off,Off,Off,Off,Off,Off,Off,Off,On,Off,Off,On,Off,On,Off,Off,Off,Off,Off,Off,Off,Off,Off,Off,Off,Off,Off
25/02/2021 06:00,17.5,22,21.9,21.4,22,21.7,20.5,21.6,25,23.7,21.4,23.7,20.8,21,22.4,20,20.8,20.8,Off,Off,Off,Off,Off,Off,Off,100,100,Off,Off,Off,Off,Off,Off,Off,Off,Off,On,Off,Off,On,Off,On,Off,Off,Off,Off,Off,Off,Off,Off,Off,Off,Off,Off,Off
25/02/2021 06:05,17.5,22,21.9,21.2,22,21.7,20.5,21.6,25,23.7,21.3,23.6,20.8,21,22.4,20,20.8,20.8,Off,Off,Off,Off,Off,Off,Off,100,100,Off,Off,Off,Off,Off,Off,Off,Off,Off,On,Off,Off,On,Off,On,Off,Off,Off,Off,Off,Off,Off,Off,Off,Off,Off,Off,Off
25/02/2021 06:10,17.5,22,21.9,21.3,21.9,21.7,20.5,21.7,25,23.6,21.2,23.6,20.8,20.9,22.4,20,20.9,20.8,Off,Off,Off,Off,Off,Off,Off,100,100,Off,Off,Off,Off,Off,Off,Off,Off,Off,On,Off,Off,On,Off,On,Off,Off,Off,Off,Off,Off,Off,Off,Off,Off,Off,Off,Off
25/02/2021 06:15,17.5,22,21.8,21.3,21.8,21.7,20.5,21.7,25,23.6,21.2,23.6,20.8,21,22.4,20,20.8,20.8,Off,Off,Off,Off,Off,Off,Off,100,100,Off,Off,Off,Off,Off,Off,Off,Off,Off,On,Off,Off,On,Off,On,Off,Off,Off,Off,Off,Off,Off,Off,Off,Off,Off,Off,Off
25/02/2021 06:20,17.4,22,21.8,21.3,21.9,21.7,20.5,21.7,25.1,23.6,21.3,23.6,20.8,21,22.4,20,20.9,20.8,Off,Off,Off,Off,Off,Off,Off,100,100,Off,Off,Off,Off,Off,Off,Off,Off,Off,On,Off,Off,On,Off,On,Off,Off,Off,Off,Off,Off,Off,Off,Off,Off,Off,Off,Off
25/02/2021 06:25,17.2,22,21.8,21.3,21.9,21.6,20.6,21.7,25.1,23.6,21.4,23.6,20.9,21,22.3,20,20.9,20.8,Off,Off,Off,Off,Off,Off,Off,100,100,Off,Off,Off,Off,Off,Off,Off,Off,Off,On,Off,Off,On,Off,On,Off,Off,Off,Off,Off,Off,Off,Off,Off,Off,Off,Off,Off
25/02/2021 06:30,17.2,22,21.8,21.3,21.9,21.7,20.6,21.7,25,23.6,21.4,23.7,20.9,21.1,22.4,20,20.9,20.8,Off,Off,Off,Off,Off,Off,Off,100,100,Off,Off,Off,Off,Off,Off,Off,Off,Off,On,Off,Off,On,Off,On,Off,Off,Off,Off,Off,Off,Off,Off,Off,Off,Off,Off,Off
25/02/2021 06:35,17.3,22,21.8,21.2,21.9,21.7,20.6,21.7,25,23.6,21.3,23.7,21,21.1,22.3,20,20.9,20.8,Off,Off,Off,Off,Off,Off,Off,100,100,Off,Off,Off,Off,Off,Off,Off,Off,Off,On,Off,Off,On,Off,On,Off,Off,Off,Off,Off,Off,Off,Off,Off,Off,Off,Off,Off
25/02/2021 06:40,17.3,21.9,21.8,21.3,21.8,21.7,20.6,21.8,25,23.6,21.3,23.7,20.9,21.1,22.4,20,20.9,20.9,Off,Off,Off,Off,Off,Off,Off,100,100,Off,Off,Off,Off,Off,Off,Off,Off,Off,On,Off,Off,On,Off,On,Off,Off,Off,Off,Off,Off,Off,Off,Off,Off,Off,Off,Off
25/02/2021 06:45,17.4,21.9,21.8,21.2,21.9,21.7,20.6,21.8,25,23.6,21.3,23.7,20.9,21.1,22.3,20,20.9,20.8,Off,Off,Off,Off,Off,Off,Off,100,100,Off,Off,Off,Off,Off,Off,Off,Off,Off,On,Off,Off,On,Off,On,Off,Off,Off,Off,Off,Off,Off,Off,Off,Off,Off,Off,Off
25/02/2021 06:50,17.6,21.9,21.8,21.2,21.9,21.7,20.5,21.8,25.1,23.6,21.4,23.6,20.9,21,22.3,20,20.9,20.8,Off,Off,Off,Off,Off,Off,Off,100,100,Off,Off,Off,Off,Off,Off,Off,Off,Off,On,Off,Off,On,Off,On,Off,Off,Off,Off,Off,Off,Off,Off,Off,Off,Off,Off,Off
25/02/2021 06:55,17.8,21.9,21.8,21.3,21.8,21.7,20.2,21.8,25.1,23.7,21.5,23.6,20.9,21,22.4,19.8,20.3,20.3,Off,On,Off,Off,Off,Off,Off,100,100,Off,On,Off,Off,Off,Off,Off,Off,Off,On,Off,Off,On,Off,On,Off,On,On,On,On,On,On,On,On,On,On,On,On
25/02/2021 07:00,17.9,22,21.9,21.2,22,21.7,20.2,21.8,25.1,23.7,21.4,23.8,20.9,21.1,22.4,19.7,20.1,20,Off,On,Off,Off,Off,Off,Off,100,100,Off,On,Off,Off,Off,Off,Off,Off,Off,On,Off,Off,On,Off,On,Off,On,On,On,On,On,On,On,On,On,On,On,On
25/02/2021 07:05,17.9,22,21.9,21.2,22,21.7,20.1,21.8,25.2,23.8,21.4,23.8,21,21.1,22.4,19.6,19.9,19.9,Off,On,Off,Off,Off,Off,Off,100,100,Off,On,Off,Off,Off,Off,Off,Off,Off,On,Off,Off,On,Off,On,Off,On,On,On,On,On,On,On,On,On,On,On,On
25/02/2021 07:10,17.9,22,21.9,21.4,21.9,21.8,20,21.8,25.2,23.8,21.5,23.9,21,21.1,22.5,19.6,19.8,19.8,Off,On,Off,Off,Off,Off,Off,100,100,Off,On,Off,Off,Off,Off,Off,Off,Off,On,Off,Off,On,Off,On,Off,On,On,On,On,On,On,On,On,On,On,On,On
25/02/2021 07:15,17.9,22,21.9,21.3,22,21.9,20,21.9,25.2,23.9,21.6,24,21,21.1,22.6,19.5,19.8,19.8,Off,On,Off,Off,Off,Off,Off,100,100,Off,On,Off,Off,Off,Off,Off,Off,Off,On,Off,Off,On,Off,On,Off,On,On,On,On,On,On,On,On,On,On,On,On
25/02/2021 07:20,18,22,21.9,21.3,22.1,21.9,19.9,21.9,25.2,24,21.7,24.1,21,21.1,22.6,19.4,19.8,19.8,Off,On,Off,Off,Off,Off,Off,100,100,Off,On,Off,Off,Off,Off,Off,Off,Off,On,Off,Off,On,Off,On,Off,On,On,On,On,On,On,On,On,On,On,On,On
25/02/2021 07:25,18.2,22,21.9,21.5,22.2,21.9,19.9,21.9,25.3,24,21.7,24.1,21,21.2,22.6,19.4,19.9,19.9,Off,On,Off,Off,Off,Off,Off,100,100,Off,On,Off,Off,Off,Off,Off,Off,Off,On,Off,Off,On,Off,On,Off,On,On,On,On,On,On,On,On,On,On,On,On
25/02/2021 07:30,18.4,22,22,21.5,22.1,22,19.9,21.9,25.3,24.1,21.7,24.2,21.1,21.2,22.7,19.4,20,20,Off,On,Off,Off,Off,Off,Off,100,100,Off,On,Off,Off,Off,Off,Off,Off,Off,On,Off,Off,On,Off,On,Off,On,On,On,On,On,On,On,On,On,On,On,On
25/02/2021 07:35,18.4,22.1,22,21.5,22.2,22.1,19.9,21.9,25.4,24.1,21.7,24.2,21.1,21.3,22.7,19.3,20.1,20.1,Off,On,Off,Off,Off,Off,Off,100,100,Off,On,Off,Off,Off,Off,Off,Off,Off,On,Off,Off,On,Off,On,Off,On,On,On,On,On,On,On,On,On,On,On,On
25/02/2021 07:40,18.6,22.1,22,21.5,22.3,22.2,19.9,21.9,25.4,24.2,21.8,24.3,21.1,21.3,22.7,19.3,20.2,20.2,Off,On,Off,Off,Off,Off,Off,100,100,Off,On,Off,Off,Off,Off,Off,Off,Off,On,Off,Off,On,Off,On,Off,On,On,On,On,On,On,On,On,On,On,On,On
25/02/2021 07:45,18.7,22.1,22,21.5,22.4,22.2,20,22,25.6,24.2,21.9,24.4,21.2,21.3,22.7,19.3,20.3,20.2,Off,On,Off,Off,Off,Off,Off,100,100,Off,On,Off,Off,Off,Off,Off,Off,Off,On,Off,Off,On,Off,On,Off,On,On,On,On,On,On,On,On,On,On,On,On
25/02/2021 07:50,18.7,22.1,22.1,21.5,22.4,22.3,20,22,25.6,24.3,22,24.4,21.2,21.3,22.9,19.3,20.3,20.3,Off,On,Off,Off,Off,Off,Off,100,100,Off,On,Off,Off,Off,Off,Off,Off,Off,On,Off,Off,On,Off,On,Off,On,On,On,On,On,On,On,On,On,On,On,On
25/02/2021 07:55,18.8,22.1,22.1,21.7,22.4,22.2,20.1,22,25.7,24.3,21.9,24.4,20.5,20.9,22.8,19.3,20.4,20.4,Off,On,Off,Off,Off,On,Off,100,100,Off,On,Off,Off,Off,Off,Off,Off,Off,On,On,Off,On,Off,On,Off,On,On,On,On,On,On,On,On,On,On,On,On
25/02/2021 08:00,18.9,22.2,22.1,21.6,22.5,22.4,20.1,21.9,25.6,24.4,21.9,24.5,17.8,17.3,22.9,19.3,20.4,20.4,Off,On,Off,Off,Off,On,Off,100,100,Off,On,Off,Off,Off,Off,Off,Off,Off,On,On,Off,On,Off,On,Off,On,On,On,On,On,On,On,On,On,On,On,On
25/02/2021 08:05,18.7,22.2,22.1,21.7,22.6,22.3,20.1,21.7,25.7,24.4,21.9,24.5,17.1,16.1,22.9,19.3,20.4,20.3,Off,On,Off,Off,Off,On,Off,100,100,Off,On,Off,Off,Off,Off,Off,Off,Off,On,On,Off,On,Off,On,Off,On,On,On,On,On,On,On,On,On,On,On,On
25/02/2021 08:10,18.9,22.2,22.2,21.8,22.6,22.4,20.2,21.4,25.7,24.5,22,24.5,16.7,15.5,22.9,19.4,20.4,20.4,Off,On,Off,Off,Off,On,Off,100,100,Off,On,Off,Off,Off,Off,Off,Off,Off,On,On,Off,On,Off,On,Off,On,On,On,On,On,On,On,On,On,On,On,On
25/02/2021 08:15,19.1,22.2,22.2,21.7,22.5,22.5,20.2,21.2,25.8,24.5,22.1,24.6,16.4,15.2,23,19.4,20.5,20.6,Off,On,Off,Off,Off,On,Off,100,100,Off,On,Off,Off,Off,Off,Off,Off,Off,On,On,Off,On,Off,On,Off,On,On,On,On,On,On,On,On,On,On,On,On
25/02/2021 08:20,19.6,22.2,22.2,21.7,22.7,22.5,20.2,21,25.9,24.5,22.1,24.7,16.3,15.1,23,19.4,20.8,20.8,Off,On,Off,Off,Off,On,Off,100,100,Off,On,Off,Off,Off,Off,Off,Off,Off,On,On,Off,On,Off,On,Off,On,On,On,On,On,On,On,On,On,On,On,On
25/02/2021 08:25,19.8,22.3,22.2,21.8,22.7,22.5,20.3,20.8,25.8,24.6,22,24.7,16.3,15.1,23.1,19.5,21,21,Off,On,Off,Off,Off,On,Off,100,100,Off,On,Off,Off,Off,Off,Off,Off,Off,On,On,Off,On,Off,On,Off,On,On,On,On,On,On,On,On,On,On,On,On
25/02/2021 08:30,20,22.3,22.3,21.8,22.7,22.6,20.4,20.6,25.8,24.6,22.1,24.7,16.2,15,23.1,19.5,21.2,21.2,Off,On,Off,Off,Off,On,Off,100,100,Off,On,Off,Off,Off,Off,Off,Off,Off,On,On,Off,On,Off,On,Off,On,On,On,On,On,On,On,On,On,On,On,On
25/02/2021 08:35,20.2,22.3,22.3,21.8,22.7,22.7,20.5,20.4,25.9,24.7,22.2,24.8,16.3,15.1,23.2,19.6,21.3,21.3,Off,On,Off,Off,Off,On,Off,100,100,Off,On,Off,Off,Off,Off,Off,Off,Off,On,On,Off,On,Off,On,Off,On,On,On,On,On,On,On,On,On,On,On,On
25/02/2021 08:40,20.5,22.3,22.3,21.9,22.7,22.6,20.7,20.3,26,24.7,22.3,24.8,16.3,15.1,23.2,19.6,21.5,21.5,Off,On,Off,Off,Off,On,Off,100,100,Off,On,Off,Off,Off,Off,Off,Off,Off,On,On,Off,On,Off,On,Off,On,On,On,On,On,On,On,On,On,On,On,On
25/02/2021 08:45,20.8,22.4,22.4,21.9,22.8,22.6,20.8,20.2,26,24.7,22.4,24.9,16.3,15.1,23.1,19.8,21.7,21.7,Off,On,Off,Off,Off,On,Off,100,100,Off,On,Off,Off,Off,Off,Off,Off,Off,On,On,Off,On,Off,On,Off,On,On,On,On,On,On,On,On,On,On,On,On
25/02/2021 08:50,21.2,22.4,22.4,21.9,22.9,22.7,20.9,20,26,24.8,22.3,25,16.4,15.2,23.1,19.8,21.9,21.9,Off,On,Off,Off,Off,On,Off,100,100,Off,On,Off,Off,Off,Off,Off,Off,Off,On,On,Off,On,Off,On,Off,On,On,On,On,On,On,On,On,On,On,On,On
25/02/2021 08:55,21.4,22.4,22.4,22,22.8,22.8,21.1,20,26.1,24.8,22.4,24.9,18.7,17.8,23.3,19.9,22.1,22.2,Off,On,Off,Off,Off,Off,Off,100,100,Off,On,Off,Off,Off,Off,Off,Off,Off,On,Off,Off,On,Off,On,Off,On,On,On,On,On,On,On,On,On,On,On,On
25/02/2021 09:00,21.7,22.4,22.4,21.9,22.9,22.7,21.2,20,26.1,24.8,22.4,25,20.3,20,23.2,20.1,22.3,22.3,Off,Off,On,Off,Off,Off,Off,100,100,Off,On,Off,Off,On,On,Off,On,Off,Off,Off,Off,Off,On,Off,On,On,On,On,On,On,On,On,On,On,On,On,On
25/02/2021 09:05,22.2,22.5,22.3,22.1,22.9,22.8,14,20.2,25.4,24.8,21.8,11.9,20.2,19.8,23.2,23.4,22.8,22.4,Off,Off,On,Off,Off,Off,Off,100,100,Off,On,Off,Off,On,On,Off,On,Off,Off,Off,Off,Off,On,Off,On,On,On,On,On,On,On,On,On,On,On,On,On
25/02/2021 09:10,24.1,22.5,22,22.3,22.5,22.9,13.2,20.4,24.7,24.5,20.8,11.3,20.1,19.7,23.3,23.7,22.8,22.3,Off,Off,On,Off,Off,Off,Off,100,100,Off,On,Off,Off,On,On,Off,On,Off,Off,Off,Off,Off,On,Off,On,On,On,On,On,On,On,On,On,On,On,On,On
25/02/2021 09:15,27.6,22.5,21.7,22.5,22.2,22.9,12.6,20.6,24.4,24.2,20.1,10.8,20,19.7,23.2,23.8,22.9,22.2,Off,Off,On,Off,Off,Off,Off,100,100,Off,On,Off,Off,On,On,Off,On,Off,Off,Off,Off,Off,On,Off,On,On,On,On,On,On,On,On,On,On,On,On,On
25/02/2021 09:20,31.1,22.6,21.5,22.5,21.9,23.1,12.3,20.8,23.9,23.9,19.6,10.4,20,19.7,23.2,23.9,22.9,22.2,Off,Off,On,Off,Off,Off,Off,100,100,Off,On,Off,Off,On,On,Off,On,Off,Off,Off,Off,Off,On,Off,On,On,On,On,On,On,On,On,On,On,On,On,On
25/02/2021 09:25,33.5,22.7,21.4,22.5,21.8,23,12.1,21,23.5,23.6,19.2,10.2,20,19.6,23.1,24,22.9,22.1,Off,Off,On,Off,Off,Off,Off,100,100,Off,On,Off,Off,On,On,Off,On,Off,Off,Off,Off,Off,On,Off,On,On,On,On,On,On,On,On,On,On,On,On,On
25/02/2021 09:30,35.6,22.7,21.2,22.6,21.7,23,12,21.2,23.2,23.4,18.8,10,20.1,19.7,23.1,24.2,23,22.1,Off,Off,On,Off,Off,Off,Off,100,100,Off,On,Off,Off,On,On,Off,On,Off,Off,Off,Off,Off,On,Off,On,On,On,On,On,On,On,On,On,On,On,On,On
25/02/2021 09:35,37.3,22.8,21.1,22.7,21.5,23.2,11.9,21.4,22.7,23.1,18.6,9.9,20.1,19.6,23.2,24.3,23,22.1,Off,Off,On,Off,Off,Off,Off,100,100,Off,On,Off,Off,On,On,Off,On,Off,Off,Off,Off,Off,On,Off,On,On,On,On,On,On,On,On,On,On,On,On,On
25/02/2021 09:40,39.1,22.8,21,22.7,21.4,23.2,11.8,21.5,22.5,22.9,18.4,9.9,20.1,19.7,23.2,24.3,23,22.1,Off,Off,On,Off,Off,Off,Off,100,100,Off,On,Off,Off,On,On,Off,On,Off,Off,Off,Off,Off,On,Off,On,On,On,On,On,On,On,On,On,On,On,On,On
25/02/2021 09:45,40.1,22.9,20.9,22.8,21.4,23.2,11.7,21.7,22.3,22.7,18.3,9.8,20.2,19.7,23.1,17.6,23,22.1,Off,Off,On,Off,Off,Off,Off,100,100,Off,On,Off,Off,On,On,On,On,Off,Off,Off,Off,Off,On,Off,On,On,On,On,On,On,On,On,On,On,On,On,On
25/02/2021 09:50,39.3,22.8,20.7,22.6,21.2,23,12.8,21.8,22.1,22.6,18.5,11.3,20.2,19.7,23,12.9,22.8,22,Off,Off,On,Off,Off,Off,On,100,100,Off,On,Off,Off,On,On,On,On,Off,Off,Off,Off,Off,On,Off,On,On,On,On,On,On,On,On,On,On,On,On,On
25/02/2021 09:55,39,22.7,20.6,22.1,21,22.7,12.8,22,21.8,22.4,18.6,11.2,20.3,19.8,22.6,12.8,22.5,21.9,Off,Off,On,Off,Off,Off,Off,100,100,Off,On,Off,Off,On,On,On,On,Off,Off,Off,Off,Off,On,Off,On,On,On,On,On,On,On,On,On,On,On,On,On
25/02/2021 10:00,38.7,22.5,20.5,21.8,20.9,22.2,21.2,22,21.6,22.3,18.6,10.8,13.1,10.8,22.2,12.7,22.4,21.8,Off,Off,On,On,Off,Off,Off,100,100,Off,On,Off,Off,On,On,On,Off,On,Off,Off,On,Off,On,Off,On,On,On,On,On,On,On,On,On,On,On,On,On
25/02/2021 10:05,38.7,22.3,20.7,21.4,21.1,21.8,23.2,21.7,21.4,22.2,18.4,10.3,11.1,9.6,22.2,12,22.3,21.9,Off,Off,On,On,Off,Off,Off,100,100,Off,On,Off,Off,On,On,On,Off,On,Off,Off,On,Off,On,Off,On,On,On,On,On,On,On,On,On,On,On,On,On
25/02/2021 10:10,38.5,22.1,20.9,21.1,21.4,21.6,23.4,21.3,21.4,22.1,18.3,10.9,10.9,10.1,22.2,12.4,22.2,22,Off,Off,On,On,Off,Off,Off,100,100,Off,On,Off,Off,On,On,On,Off,On,Off,Off,On,Off,On,Off,On,On,On,On,On,On,On,On,On,On,On,On,On
25/02/2021 10:15,39.3,21.9,21,20.9,21.6,21.3,23.5,21,21.3,22,18.4,11.2,10.9,10.4,22.1,12.7,22.1,22.1,Off,Off,On,On,Off,Off,Off,100,100,Off,On,Off,Off,On,On,On,Off,On,Off,Off,On,Off,On,Off,On,On,On,On,On,On,On,On,On,On,On,On,On
25/02/2021 10:20,40,21.8,21.2,20.9,21.6,21.2,23.7,20.8,21.3,21.9,18.5,11.5,11,10.6,22.2,13.5,22,22.1,Off,Off,On,On,Off,Off,Off,100,100,Off,On,Off,Off,On,On,Off,Off,On,Off,Off,On,Off,On,Off,On,On,On,On,On,On,On,On,On,On,On,On,On
25/02/2021 10:25,40.4,21.8,21.3,20.9,21.7,21.2,23.7,20.5,21.1,21.8,18.4,10.2,10.2,9.3,22.2,23.5,22.1,22.2,Off,Off,On,On,Off,Off,Off,100,100,Off,On,Off,Off,On,On,Off,Off,On,Off,Off,On,Off,On,Off,On,On,On,On,On,On,On,On,On,On,On,On,On
25/02/2021 10:30,41,21.9,21.3,21.1,21.8,21.6,23.8,20.3,21,21.7,18.3,10.8,10.3,9.9,22.4,23.9,22.3,22.3,Off,Off,On,On,Off,Off,Off,100,100,Off,On,Off,Off,On,On,Off,Off,On,Off,Off,On,Off,On,Off,On,On,On,On,On,On,On,On,On,On,On,On,On
25/02/2021 10:35,40.8,22,21.4,21.5,21.9,21.8,23.9,20.1,21,21.6,18.3,11.4,10.7,10.5,22.6,24.2,22.5,22.4,Off,Off,On,On,Off,Off,Off,100,100,Off,On,Off,Off,On,On,Off,Off,On,Off,Off,On,Off,On,Off,On,On,On,On,On,On,On,On,On,On,On,On,On
25/02/2021 10:40,40.8,22.2,21.5,21.8,22.1,22.1,24,19.9,20.9,21.6,18.4,11.1,11.4,11,22.7,24.4,22.6,22.4,Off,Off,On,Off,Off,Off,Off,100,100,Off,On,Off,Off,On,On,Off,Off,Off,Off,Off,Off,Off,On,Off,On,On,On,On,On,On,On,On,On,On,On,On,On
25/02/2021 10:45,42.4,22.3,21.6,22,22.3,22.2,24.1,20.1,20.8,21.5,18.2,10.7,12.6,12.3,22.9,24.4,22.7,22.5,Off,Off,On,Off,Off,Off,Off,100,100,Off,On,Off,Off,On,On,Off,Off,Off,Off,Off,Off,Off,On,Off,On,On,On,On,On,On,On,On,On,On,On,On,On
25/02/2021 10:50,44.5,22.3,21.7,22.1,22.4,22.4,24.2,20.2,20.7,21.4,18.2,11.1,13.6,13.4,23,24.6,22.8,22.5,Off,Off,On,Off,Off,Off,Off,100,100,Off,On,Off,Off,On,On,Off,Off,Off,Off,Off,Off,Off,On,Off,On,On,On,On,On,On,On,On,On,On,On,On,On
25/02/2021 10:55,45.2,22.4,21.8,22.2,22.4,22.7,24.3,20.4,20.7,21.3,18.3,11.7,14.4,14.4,23.2,24.8,22.9,22.6,Off,Off,On,Off,Off,Off,Off,100,100,Off,On,Off,Off,On,On,Off,Off,Off,Off,Off,Off,Off,On,Off,On,On,On,On,On,On,On,On,On,On,On,On,On
25/02/2021 11:00,44.1,22.5,21.9,22.3,22.5,22.8,24.3,20.5,20.5,21.3,18.1,10.5,15.2,15.3,23.3,24.9,22.9,22.6,Off,Off,On,Off,Off,Off,Off,100,100,Off,On,Off,Off,On,On,Off,Off,Off,Off,Off,Off,Off,On,Off,On,On,On,On,On,On,On,On,On,On,On,On,On
25/02/2021 11:05,43.2,22.5,22,22.5,22.5,22.9,24.4,20.7,20.4,21.2,18,11,15.8,16,23.4,25,23,22.7,Off,Off,On,Off,Off,Off,Off,100,100,Off,On,Off,Off,On,On,Off,Off,Off,Off,Off,Off,Off,On,Off,On,On,On,On,On,On,On,On,On,On,On,On,On
25/02/2021 11:10,39.1,22.6,22.1,22.5,22.7,23.1,24.4,20.8,20.4,21.1,18.1,11.5,16.4,16.6,23.5,25,23,22.7,Off,Off,On,Off,Off,Off,Off,100,100,Off,On,Off,Off,On,On,Off,Off,Off,Off,Off,Off,Off,On,Off,On,On,On,On,On,On,On,On,On,On,On,On,On
25/02/2021 11:15,38.6,22.7,22.2,22.6,22.8,23.1,24.4,21,20.3,21.1,18.3,10.8,17,17.2,23.5,25,23,22.7,Off,Off,On,Off,Off,Off,Off,100,100,Off,On,Off,Off,On,On,Off,Off,Off,Off,Off,Off,Off,On,Off,On,On,On,On,On,On,On,On,On,On,On,On,On
25/02/2021 11:20,40.6,22.7,22.2,22.8,22.8,23.3,24.4,21.2,20.3,21.1,18.1,10.9,17.6,17.6,23.7,25,23.1,22.8,Off,Off,On,Off,Off,Off,Off,100,100,Off,On,Off,Off,On,On,On,Off,Off,Off,Off,Off,Off,On,Off,On,On,On,On,On,On,On,On,On,On,On,On,On
25/02/2021 11:25,41.1,22.8,22.3,22.6,22.8,23.2,24.5,21.3,20.3,21,18.4,12.9,18.1,18.1,23.6,15,22.9,22.8,Off,Off,On,Off,Off,Off,Off,100,100,Off,On,Off,Off,On,On,On,Off,Off,Off,Off,Off,Off,On,Off,On,On,On,On,On,On,On,On,On,On,On,On,On
25/02/2021 11:30,41.5,22.7,22.4,22.2,23,22.9,19.7,21.4,20.4,21,18.7,12.1,18.5,18.6,23.4,14,22.8,22.8,Off,Off,On,Off,Off,Off,Off,100,100,Off,On,Off,Off,On,On,On,On,Off,Off,Off,Off,Off,On,Off,On,On,On,On,On,On,On,On,On,On,On,On,On
25/02/2021 11:35,42.1,22.5,22.3,22,22.9,22.5,13.9,21.6,20.3,21,18.7,12,19,18.9,23,13.5,22.6,22.6,Off,Off,On,Off,Off,Off,Off,100,100,Off,On,Off,Off,On,On,On,On,Off,Off,Off,Off,Off,On,Off,On,On,On,On,On,On,On,On,On,On,On,On,On
25/02/2021 11:40,41.1,22.3,22,21.7,22.7,22.2,13.7,21.7,20.3,21,18.6,11.9,19.4,19.3,22.7,13.3,22.4,22.4,Off,Off,On,Off,Off,Off,Off,100,100,Off,On,Off,Off,On,On,On,On,Off,Off,Off,Off,Off,On,Off,On,On,On,On,On,On,On,On,On,On,On,On,On
25/02/2021 11:45,41.4,22.2,21.6,21.4,22.5,22.1,13.6,21.9,20.2,21,18.6,11.9,19.7,19.6,22.5,13.3,22.4,22.3,Off,Off,On,Off,Off,Off,Off,100,100,Off,On,Off,Off,On,On,On,On,Off,Off,Off,Off,Off,On,Off,On,On,On,On,On,On,On,On,On,On,On,On,On
25/02/2021 11:50,39.9,22,21.4,21.3,22.2,21.8,13.5,22,20.2,21,18.7,11.9,17.7,16.2,22.2,13.2,22.3,22.2,Off,Off,On,On,Off,Off,On,100,100,Off,On,Off,Off,On,On,On,On,On,Off,Off,On,Off,On,Off,On,On,On,On,On,On,On,On,On,On,On,On,On
25/02/2021 11:55,35.5,21.9,21.2,21.1,22.1,21.5,12.4,21.9,20.1,21,18.5,10.5,12.3,10.2,21.9,12,22.2,22.1,Off,Off,On,On,Off,Off,Off,100,100,Off,On,Off,Off,On,On,On,On,On,Off,Off,On,Off,On,Off,On,On,On,On,On,On,On,On,On,On,On,On,On
25/02/2021 12:00,34.8,21.8,21,20.9,21.8,21.4,14.1,21.6,20,20.9,18.5,13,12.7,12.1,21.8,13.7,22.1,22,Off,Off,On,On,Off,Off,Off,100,100,Off,On,Off,Off,On,On,On,On,On,Off,Off,On,Off,On,Off,On,On,On,On,On,On,On,On,On,On,On,On,On
